{
    "Genres": {
        "Action": 11982.969999999998,
        "Free to Play": 7225.31,
        "Adventure": 3433.1299999999997,
        "Massively Multiplayer": 2323.8199999999997,
        "RPG": 2299.3999999999996,
        "Simulation": 941.81,
        "Strategy": 1226.7000000000003,
        "Indie": 396.28,
        "Casual": 128.62999999999997,
        "Sports": 38.74000000000001,
        "Early Access": 15.48,
        "Racing": 8.0,
        "Violent": 0.25,
        "Utilities": 0.23
    },
    "Tags": {
        "Action": 88502,
        "FPS": 63318,
        "Multiplayer": 114570,
        "Shooter": 72618,
        "Classic": 4585,
        "Team-Based": 39482,
        "First-Person": 34029,
        "Competitive": 36739,
        "Tactical": 26007,
        "1990's": 1231,
        "e-sports": 21993,
        "PvP": 44415,
        "Old School": 807,
        "Military": 12937,
        "Strategy": 43374,
        "Survival": 19881,
        "Score Attack": 296,
        "1980s": 276,
        "Assassin": 237,
        "Nostalgia": 180,
        "Free to Play": 203324,
        "Hero Shooter": 120840,
        "Class-Based": 10892,
        "Funny": 17310,
        "Online Co-Op": 50680,
        "Cartoony": 7356,
        "Trading": 6874,
        "Co-op": 46559,
        "Comedy": 8110,
        "Robots": 7380,
        "Cartoon": 3884,
        "Crafting": 6342,
        "Early Access": 5970,
        "Singleplayer": 23579,
        "War": 16150,
        "Massively Multiplayer": 29852,
        "Violent": 2156,
        "Open World": 26107,
        "Gore": 3039,
        "Adventure": 16535,
        "MMORPG": 10877,
        "Action RPG": 18414,
        "Hack and Slash": 8460,
        "RPG": 26959,
        "Character Customization": 17566,
        "Sexual Content": 315,
        "Fantasy": 14492,
        "PvE": 18595,
        "Isometric": 670,
        "Battle Royale": 14011,
        "Sci-fi": 15950,
        "Loot": 3784,
        "Lore-Rich": 10641,
        "Cyberpunk": 389,
        "Cinematic": 786,
        "3D": 3512,
        "Medieval": 4051,
        "Atmospheric": 17573,
        "Magic": 1115,
        "Simulation": 25127,
        "Cooking": 598,
        "Combat": 5556,
        "VR": 3961,
        "Action-Adventure": 299,
        "Realistic": 24345,
        "Flight": 3863,
        "Grand Strategy": 5040,
        "Strategy RPG": 275,
        "Swordplay": 272,
        "Wargame": 845,
        "RTS": 10932,
        "Tactical RPG": 6319,
        "Action RTS": 241,
        "Real Time Tactics": 7182,
        "Looter Shooter": 17707,
        "Third-Person Shooter": 29870,
        "Third Person": 25576,
        "Space": 11258,
        "Parkour": 7533,
        "Ninja": 7532,
        "Horror": 1151,
        "Dark": 223,
        "Puzzle": 4834,
        "Psychological Horror": 433,
        "Puzzle-Platformer": 3466,
        "Side Scroller": 207,
        "2.5D": 203,
        "Stealth": 1419,
        "Survival Horror": 864,
        "Surreal": 132,
        "Psychedelic": 105,
        "Mystery": 104,
        "Steampunk": 94,
        "Thriller": 87,
        "Physics": 1256,
        "Casual": 8044,
        "Clicker": 2241,
        "Indie": 8773,
        "Dark Humor": 751,
        "Story Rich": 2188,
        "Cult Classic": 48,
        "Turn-Based": 1023,
        "Match 3": 129,
        "Anime": 259,
        "2D": 1572,
        "Local Multiplayer": 1826,
        "Female Protagonist": 1660,
        "Turn-Based Strategy": 983,
        "Turn-Based Tactics": 7862,
        "Board Game": 720,
        "Based On A Novel": 297,
        "Exploration": 12454,
        "Dark Fantasy": 285,
        "MOBA": 22154,
        "Controller": 5103,
        "Colorful": 6755,
        "City Builder": 1068,
        "Building": 2959,
        "Real-Time": 350,
        "Base-Building": 231,
        "Sandbox": 3767,
        "Colony Sim": 218,
        "Idler": 1574,
        "JRPG": 75,
        "Card Game": 6688,
        "Turn-Based Combat": 691,
        "Great Soundtrack": 2525,
        "Driving": 12649,
        "Transportation": 12541,
        "Automobile Sim": 12446,
        "Moddable": 13599,
        "Relaxing": 12043,
        "Immersive Sim": 11907,
        "Economy": 12595,
        "Management": 13697,
        "Family Friendly": 4601,
        "Experimental": 53,
        "Short": 866,
        "Walking Simulator": 266,
        "Metroidvania": 181,
        "Cute": 43,
        "Beat 'em up": 20,
        "2D Platformer": 16,
        "Nudity": 108,
        "Trading Card Game": 7230,
        "Stylized": 7064,
        "Card Battler": 6099,
        "Deckbuilding": 6010,
        "Tower Defense": 7990,
        "Touch-Friendly": 693,
        "Addictive": 283,
        "Illuminati": 280,
        "Sports": 4410,
        "Football (Soccer)": 5358,
        "Football (American)": 2475,
        "Mystery Dungeon": 48,
        "CRPG": 354,
        "Choices Matter": 395,
        "Party-Based RPG": 325,
        "Rogue-lite": 300,
        "Top-Down": 707,
        "Nonlinear": 228,
        "Difficult": 9146,
        "RPGMaker": 23,
        "World War II": 8892,
        "Historical": 3175,
        "Racing": 4267,
        "Fast-Paced": 3172,
        "Split Screen": 1488,
        "Local Co-Op": 1441,
        "4 Player Local": 1212,
        "Mythology": 555,
        "Dungeon Crawler": 184,
        "Level Editor": 99,
        "Gun Customization": 2666,
        "Mature": 827,
        "Blood": 269,
        "Arena Shooter": 185,
        "Tabletop": 356,
        "Vehicular Combat": 5597,
        "Tanks": 6548,
        "Naval Combat": 3599,
        "Modern": 3538,
        "Cold War": 3528,
        "Zombies": 2495,
        "Post-apocalyptic": 252,
        "Replay Value": 3389,
        "Futuristic": 694,
        "Hex Grid": 206,
        "Asynchronous Multiplayer": 19,
        "Combat Racing": 380,
        "Destruction": 5042,
        "Music": 71,
        "Arcade": 64,
        "Aliens": 659,
        "Soundtrack": 382,
        "Trains": 211,
        "America": 307,
        "Western": 115,
        "Resource Management": 251,
        "Politics": 820,
        "Political Sim": 1633,
        "Diplomacy": 573,
        "Real-Time with Pause": 518,
        "Political": 377,
        "3D Platformer": 3437,
        "Gambling": 89,
        "Conversation": 42,
        "Memes": 29,
        "Point & Click": 25,
        "Dungeons & Dragons": 219,
        "Dragons": 133,
        "Dwarf": 61,
        "Superhero": 319,
        "Comic Book": 165,
        "Fighting": 1251,
        "Platformer": 987,
        "Linear": 41,
        "Pixel Graphics": 11,
        "Spaceships": 131,
        "4X": 123,
        "Auto Battler": 490,
        "Chess": 182,
        "Automation": 37,
        "Action Roguelike": 50,
        "Bullet Hell": 43,
        "Rogue-like": 36,
        "Mechs": 28,
        "Retro": 18,
        "Utilities": 156,
        "Warhammer 40K": 179,
        "Mod": 96,
        "Visual Novel": 56,
        "LGBTQ+": 5,
        "Dystopian ": 250,
        "Episodic": 179,
        "Silent Protagonist": 172,
        "Artificial Intelligence": 11,
        "Procedural Generation": 11,
        "Unforgiving": 11,
        "Science": 818
    }
}