{
    "Genres": {
        "Action": 3243.1699999999996,
        "Indie": 1922.0900000000001,
        "Racing": 1312.7,
        "Sports": 1316.18,
        "Adventure": 763.99,
        "Simulation": 203.85999999999999,
        "Strategy": 196.89000000000001,
        "Early Access": 141.68,
        "RPG": 504.99,
        "Massively Multiplayer": 250.52000000000007,
        "Free to Play": 181.82000000000002,
        "Casual": 248.86,
        "Animation & Modeling": 2.8,
        "Design & Illustration": 2.8,
        "Photo Editing": 2.8,
        "Utilities": 2.9699999999999998
    },
    "Tags": {
        "Multiplayer": 3540.1499999999996,
        "Football (Soccer)": 1307.1,
        "Competitive": 1708.81,
        "Sports": 1312.7,
        "Racing": 1529.6000000000001,
        "Team-Based": 2267.6400000000003,
        "Online Co-Op": 2539.39,
        "Football (American)": 1307.1,
        "Fast-Paced": 1307.1,
        "Co-op": 3080.73,
        "Action": 3388.85,
        "Funny": 1812.0300000000002,
        "Great Soundtrack": 1593.72,
        "Local Multiplayer": 1424.87,
        "Split Screen": 1307.1,
        "Local Co-Op": 1383.57,
        "Singleplayer": 2457.71,
        "4 Player Local": 1363.8,
        "Casual": 1796.3800000000003,
        "Indie": 1922.0900000000001,
        "Zombies": 933.62,
        "Post-apocalyptic": 621.82,
        "Gore": 674.4000000000001,
        "FPS": 1391.1999999999998,
        "Hack and Slash": 548.5,
        "Moddable": 801.1199999999999,
        "Horror": 704.92,
        "Shooter": 1560.5800000000002,
        "First-Person": 1740.2599999999995,
        "Survival": 1449.3599999999994,
        "Survival Horror": 650.08,
        "Atmospheric": 1150.24,
        "PvE": 730.1899999999999,
        "Character Customization": 676.6,
        "Dark": 557.6999999999999,
        "Classic": 661.1999999999999,
        "Tactical": 417.84000000000003,
        "1990's": 352.0,
        "e-sports": 395.12,
        "PvP": 744.4500000000002,
        "Old School": 352.0,
        "Military": 624.49,
        "Strategy": 647.4599999999999,
        "Score Attack": 359.9,
        "1980s": 352.0,
        "Assassin": 352.0,
        "Nostalgia": 352.0,
        "World War II": 231.5,
        "War": 281.89,
        "Historical": 231.5,
        "Story Rich": 370.56999999999994,
        "Controller": 323.2,
        "Adventure": 1141.9599999999998,
        "Simulation": 458.41999999999996,
        "Open World": 853.21,
        "Crime": 217.95000000000002,
        "Automobile Sim": 222.5,
        "Third Person": 353.5899999999999,
        "Mature": 235.10000000000002,
        "Third-Person Shooter": 320.82,
        "Sandbox": 653.2999999999998,
        "Comedy": 408.6799999999999,
        "Base-Building": 194.5,
        "Automation": 114.8,
        "Crafting": 354.52000000000004,
        "Resource Management": 114.8,
        "Building": 376.68000000000006,
        "Exploration": 408.32,
        "Open World Survival Craft": 384.1000000000001,
        "Early Access": 224.40000000000003,
        "Sci-fi": 212.22000000000003,
        "2D": 177.10000000000002,
        "Pixel Graphics": 112.2,
        "RPG": 406.93999999999994,
        "Replay Value": 118.28,
        "Platformer": 128.4,
        "Free to Play": 176.11,
        "Massively Multiplayer": 307.64,
        "Violent": 182.29999999999998,
        "Walking Simulator": 128.10000000000002,
        "Clicker": 66.0,
        "MMORPG": 126.00000000000001,
        "Fantasy": 138.77,
        "Medieval": 81.4,
        "Dark Humor": 66.0,
        "Cult Classic": 66.0,
        "Board Game": 62.1,
        "Party Game": 107.70000000000002,
        "Minigames": 104.30000000000001,
        "Party": 56.7,
        "Tabletop": 62.1,
        "Colorful": 108.18000000000002,
        "Physics": 68.3,
        "Realistic": 100.07000000000001,
        "Parkour": 81.7,
        "Combat": 75.5,
        "Action RPG": 120.5,
        "Action-Adventure": 75.5,
        "Choices Matter": 90.9,
        "Multiple Endings": 67.5,
        "Social Deduction": 48.800000000000004,
        "Space": 59.12,
        "Psychological": 47.6,
        "Cartoony": 47.6,
        "Aliens": 47.6,
        "Top-Down": 55.5,
        "Hero Shooter": 50.7,
        "Destruction": 43.9,
        "Difficult": 82.62000000000002,
        "3D": 49.68,
        "Sexual Content": 32.2,
        "Stealth": 37.75,
        "Dinosaurs": 29.32,
        "Dragons": 29.32,
        "Anime": 33.95,
        "Fighting": 31.07,
        "Ninja": 31.07,
        "MOBA": 29.200000000000003,
        "Mythology": 26.8,
        "Pirates": 25.1,
        "Sailing": 25.1,
        "Naval": 25.1,
        "Swordplay": 25.1,
        "Underwater": 23.6,
        "Magic": 38.8,
        "Puzzle": 26.4,
        "Family Friendly": 37.699999999999996,
        "Nudity": 31.7,
        "Dark Fantasy": 15.4,
        "Turn-Based Strategy": 9.4,
        "Turn-Based": 9.4,
        "Memes": 14.749999999999998,
        "Battle Royale": 20.400000000000002,
        "Loot": 9.62,
        "Lore-Rich": 9.62,
        "Cyberpunk": 9.0,
        "Cinematic": 9.0,
        "Unforgiving": 7.9,
        "Bullet Hell": 7.9,
        "Arcade": 11.3,
        "Hidden Object": 7.9,
        "Flight": 7.9,
        "Linear": 7.9,
        "Procedural Generation": 7.9,
        "Tutorial": 7.9,
        "Asynchronous Multiplayer": 7.9,
        "Card Game": 5.4,
        "VR": 7.680000000000001,
        "Trading Card Game": 5.4,
        "Wargame": 5.4,
        "Driving": 5.6,
        "Cute": 6.68,
        "3D Platformer": 3.4,
        "Minimalist": 3.88,
        "Utilities": 2.9699999999999998,
        "Software": 2.9699999999999998,
        "Design & Illustration": 3.28,
        "Animation & Modeling": 2.8,
        "NSFW": 2.8,
        "Photo Editing": 2.8,
        "Game Development": 2.8,
        "Gaming": 2.8,
        "LEGO": 3.0,
        "Psychological Horror": 2.3,
        "3D Fighter": 2.2,
        "Beat 'em up": 1.77,
        "Heist": 4.02,
        "Detective": 1.2,
        "Class-Based": 1.2,
        "Level Editor": 1.2,
        "Looter Shooter": 1.67,
        "Gun Customization": 1.05,
        "Epic": 0.7,
        "Beautiful": 0.7,
        "Relaxing": 0.48,
        "Immersive Sim": 0.48,
        "Cozy": 0.48,
        "Stylized": 0.48,
        "Management": 0.48,
        "Isometric": 0.48,
        "Music": 0.48,
        "Dating Sim": 0.08
    },