{
    "Genres": {
        "Action": 3243.1699999999996,
        "Indie": 1922.0900000000001,
        "Racing": 1312.7,
        "Sports": 1316.18,
        "Adventure": 763.99,
        "Simulation": 203.85999999999999,
        "Strategy": 196.89000000000001,
        "Early Access": 141.68,
        "RPG": 504.99,
        "Massively Multiplayer": 250.52000000000007,
        "Free to Play": 181.82000000000002,
        "Casual": 248.86,
        "Animation & Modeling": 2.8,
        "Design & Illustration": 2.8,
        "Photo Editing": 2.8,
        "Utilities": 2.9699999999999998
    },
    "Tags": {
        "Multiplayer": 151318,
        "Football (Soccer)": 5224,
        "Competitive": 22217,
        "Sports": 4672,
        "Racing": 18180,
        "Team-Based": 27111,
        "Online Co-Op": 68270,
        "Football (American)": 2413,
        "Fast-Paced": 2203,
        "Co-op": 91353,
        "Action": 118915,
        "Funny": 32070,
        "Great Soundtrack": 20804,
        "Local Multiplayer": 3174,
        "Split Screen": 1488,
        "Local Co-Op": 4511,
        "Singleplayer": 57004,
        "4 Player Local": 1668,
        "Casual": 18113,
        "Indie": 30175,
        "Zombies": 33695,
        "Post-apocalyptic": 13275,
        "Gore": 12614,
        "FPS": 81283,
        "Hack and Slash": 6395,
        "Moddable": 27746,
        "Horror": 15234,
        "Shooter": 83534,
        "First-Person": 78568,
        "Survival": 83343,
        "Survival Horror": 11864,
        "Atmospheric": 28110,
        "PvE": 13008,
        "Character Customization": 4845,
        "Dark": 4128,
        "Classic": 3217,
        "Tactical": 25135,
        "1990's": 1231,
        "e-sports": 11486,
        "PvP": 48506,
        "Old School": 807,
        "Military": 7820,
        "Strategy": 14438,
        "Score Attack": 542,
        "1980s": 276,
        "Assassin": 237,
        "Nostalgia": 180,
        "World War II": 224,
        "War": 6501,
        "Historical": 98,
        "Story Rich": 16257,
        "Controller": 1578,
        "Adventure": 59741,
        "Simulation": 23936,
        "Open World": 95616,
        "Crime": 24730,
        "Automobile Sim": 20921,
        "Third Person": 29292,
        "Mature": 24750,
        "Third-Person Shooter": 20041,
        "Sandbox": 62094,
        "Comedy": 22831,
        "Base-Building": 10675,
        "Automation": 1435,
        "Crafting": 35235,
        "Resource Management": 1128,
        "Building": 44426,
        "Exploration": 23664,
        "Open World Survival Craft": 47864,
        "Early Access": 13776,
        "Sci-fi": 7291,
        "2D": 13529,
        "Pixel Graphics": 10877,
        "RPG": 23964,
        "Replay Value": 6315,
        "Platformer": 5307,
        "Free to Play": 14182,
        "Massively Multiplayer": 13639,
        "Violent": 1711,
        "Walking Simulator": 551,
        "Clicker": 158,
        "MMORPG": 4017,
        "Fantasy": 10589,
        "Medieval": 4496,
        "Dark Humor": 56,
        "Cult Classic": 48,
        "Board Game": 1255,
        "Party Game": 2672,
        "Minigames": 923,
        "Party": 216,
        "Tabletop": 1102,
        "Colorful": 1718,
        "Physics": 16498,
        "Realistic": 17789,
        "Parkour": 5611,
        "Combat": 2198,
        "Action RPG": 9720,
        "Action-Adventure": 2513,
        "Choices Matter": 7159,
        "Multiple Endings": 4343,
        "Social Deduction": 1415,
        "Space": 4215,
        "Psychological": 837,
        "Cartoony": 736,
        "Aliens": 646,
        "Top-Down": 831,
        "Hero Shooter": 9701,
        "Destruction": 5503,
        "Difficult": 6017,
        "3D": 2949,
        "Sexual Content": 120,
        "Stealth": 11553,
        "Dinosaurs": 9805,
        "Dragons": 3597,
        "Anime": 4710,
        "Fighting": 1084,
        "Ninja": 821,
        "MOBA": 500,
        "Mythology": 1123,
        "Pirates": 949,
        "Sailing": 717,
        "Naval": 452,
        "Swordplay": 304,
        "Underwater": 664,
        "Magic": 7816,
        "Puzzle": 1247,
        "Family Friendly": 2857,
        "Nudity": 10374,
        "Dark Fantasy": 3598,
        "Turn-Based Strategy": 148,
        "Turn-Based": 99,
        "Memes": 2284,
        "Battle Royale": 14968,
        "Loot": 2899,
        "Lore-Rich": 2674,
        "Cyberpunk": 346,
        "Cinematic": 283,
        "Unforgiving": 252,
        "Bullet Hell": 243,
        "Arcade": 370,
        "Hidden Object": 204,
        "Flight": 166,
        "Linear": 151,
        "Procedural Generation": 136,
        "Tutorial": 120,
        "Asynchronous Multiplayer": 84,
        "Card Game": 424,
        "VR": 2528,
        "Trading Card Game": 368,
        "Wargame": 333,
        "Driving": 1068,
        "Cute": 2102,
        "3D Platformer": 1262,
        "Minimalist": 129,
        "Utilities": 2392,
        "Software": 1898,
        "Design & Illustration": 1635,
        "Animation & Modeling": 1150,
        "NSFW": 855,
        "Photo Editing": 397,
        "Game Development": 258,
        "Gaming": 219,
        "LEGO": 1127,
        "Psychological Horror": 105,
        "3D Fighter": 11,
        "Beat 'em up": 150,
        "Heist": 7273,
        "Detective": 151,
        "Class-Based": 140,
        "Level Editor": 137,
        "Looter Shooter": 9068,
        "Gun Customization": 3696,
        "Epic": 257,
        "Beautiful": 216,
        "Relaxing": 202,
        "Immersive Sim": 141,
        "Cozy": 132,
        "Stylized": 106,
        "Management": 91,
        "Isometric": 73,
        "Music": 35,
        "Dating Sim": 116
    },
    "OwnedGames": [
        "Rocket League",
        "Killing Floor 2",
        "Counter-Strike 2",
        "Call of Duty\u00ae",
        "Grand Theft Auto V",
        "Satisfactory",
        "Terraria",
        "Infestation: The New Z",
        "Shakes and Fidget",
        "Pummel Party",
        "Garry's Mod",
        "Dying Light 2: Reloaded Edition",
        "Among Us",
        "Tom Clancy's Rainbow Six Siege",
        "New World",
        "Dying Light",
        "ARK: Survival Evolved",
        "NARUTO TO BORUTO: SHINOBI STRIKER",
        "Valheim",
        "Sea of Thieves",
        "Raft",
        "Hogwarts Legacy",
        "Rust",
        "THE FINALS",
        "Worms W.M.D",
        "Apex Legends",
        "GRID 2",
        "PUBG: BATTLEGROUNDS",
        "Left 4 Dead 2",
        "Tabletop Simulator",
        "Wreckfest",
        "Fall Guys",
        "Minimalism",
        "Wallpaper Engine",
        "LEGO\u00ae Star Wars\u2122: The Complete Saga",
        "NARUTO: Ultimate Ninja STORM",
        "RaceRoom Racing Experience",
        "Ring of Elysium",
        "NARUTO SHIPPUDEN: Ultimate Ninja STORM 4",
        "Perfect Heist 2",
        "PAYDAY 2",
        "LEGO\u00ae Star Wars\u2122: Die Skywalker Saga",
        "Destiny 2",
        "My dream setup",
        "Counter-Strike: Source",
        "Driver Booster for Steam",
        "VRChat",
        "Insurgency",
        "ARK: Survival Of The Fittest",
        "Infestation: Survivor Stories 2020"
    ]
}