{
    "Genres": {
        "Action": 5628.5,
        "Strategy": 4029.82,
        "Free to Play": 4005.92,
        "Adventure": 229.38999999999996,
        "Massively Multiplayer": 105.33999999999997,
        "Casual": 50.51999999999998,
        "Indie": 44.67999999999997,
        "Racing": 39.58,
        "Sports": 28.1,
        "Simulation": 20.31,
        "RPG": 6.410000000000001,
        "Early Access": 0.3
    },
    "Tags": {
        "Free to Play": 3950.2000000000003,
        "MOBA": 3912.52,
        "Multiplayer": 5776.219999999999,
        "Strategy": 5604.679999999999,
        "e-sports": 5385.620000000002,
        "Team-Based": 5503.0700000000015,
        "Competitive": 5539.550000000002,
        "Action": 5647.739999999999,
        "Online Co-Op": 3998.76,
        "PvP": 5479.810000000001,
        "Difficult": 3934.88,
        "Co-op": 4202.849999999999,
        "RTS": 3826.2,
        "RPG": 3831.1299999999997,
        "Tower Defense": 3826.5699999999997,
        "Fantasy": 3960.56,
        "Character Customization": 3872.1,
        "Replay Value": 3894.7999999999997,
        "Action RPG": 3826.33,
        "Simulation": 3970.3800000000006,
        "FPS": 1653.9399999999998,
        "Shooter": 1768.0700000000002,
        "Classic": 1561.0,
        "First-Person": 1756.0699999999997,
        "Tactical": 1745.6799999999998,
        "1990's": 1504.3,
        "Old School": 1504.3,
        "Military": 1510.33,
        "Survival": 1568.61,
        "Score Attack": 1504.3,
        "1980s": 1504.3,
        "Assassin": 1504.3,
        "Nostalgia": 1504.82,
        "Open World": 123.59000000000002,
        "Crime": 118.50000000000001,
        "Automobile Sim": 101.48,
        "Third Person": 178.38,
        "Mature": 152.37,
        "Adventure": 174.70999999999992,
        "Singleplayer": 320.37,
        "Third-Person Shooter": 173.83999999999997,
        "Racing": 141.26,
        "Sandbox": 138.46,
        "Atmospheric": 172.83,
        "Funny": 280.62,
        "Great Soundtrack": 261.58,
        "Comedy": 142.57,
        "Moddable": 174.10000000000002,
        "Turn-Based Strategy": 104.80000000000001,
        "Turn-Based": 142.10000000000002,
        "Historical": 57.18,
        "4X": 56.7,
        "Addictive": 57.51,
        "Hex Grid": 56.7,
        "Grand Strategy": 56.7,
        "Economy": 68.60000000000001,
        "Diplomacy": 56.7,
        "Touch-Friendly": 57.51,
        "Battle Royale": 56.73,
        "Early Access": 60.9,
        "Stealth": 62.16,
        "Card Battler": 48.1,
        "Deckbuilding": 85.4,
        "Card Game": 86.02000000000001,
        "Trading Card Game": 48.35,
        "Casual": 138.39,
        "Magic": 48.1,
        "Violent": 48.83,
        "Hero Shooter": 79.4,
        "Controller": 48.16,
        "Massively Multiplayer": 50.03,
        "Colorful": 47.80999999999999,
        "Auto Battler": 37.3,
        "Chess": 37.3,
        "Turn-Based Tactics": 37.3,
        "Board Game": 37.37,
        "Automation": 37.3,
        "Class-Based": 34.1,
        "Cartoony": 34.57,
        "Trading": 34.17,
        "Robots": 35.38,
        "Cartoon": 34.35,
        "Crafting": 35.550000000000004,
        "Football (Soccer)": 28.1,
        "Sports": 28.380000000000003,
        "Football (American)": 25.9,
        "Fast-Paced": 26.99,
        "Local Multiplayer": 31.799999999999997,
        "Split Screen": 31.799999999999997,
        "Local Co-Op": 32.279999999999994,
        "4 Player Local": 25.9,
        "Indie": 42.75999999999997,
        "Martial Arts": 13.4,
        "Story Rich": 18.900000000000002,
        "Parkour": 19.3,
        "Gore": 18.98,
        "Fighting": 16.6,
        "Remake": 13.4,
        "City Builder": 11.9,
        "Building": 13.4,
        "Management": 12.3,
        "Resource Management": 11.9,
        "Mod": 11.9,
        "Realistic": 16.530000000000005,
        "Modern": 12.780000000000001,
        "Real-Time with Pause": 11.9,
        "Family Friendly": 12.98,
        "Puzzle": 8.790000000000001,
        "Physics": 5.9,
        "Puzzle-Platformer": 7.45,
        "3D Platformer": 6.73,
        "War": 9.21,
        "Heist": 3.9,
        "Looter Shooter": 3.9,
        "Gun Customization": 4.37,
        "PvE": 4.0,
        "Medieval": 3.2,
        "Swordplay": 3.2,
        "Hack and Slash": 3.33,
        "Psychological": 2.83,
        "Abstract": 1.55,
        "Minimalist": 1.55,
        "Emotional": 1.55,
        "Multiple Endings": 2.0300000000000002,
        "Isometric": 1.6800000000000002,
        "Dark": 2.83,
        "Drama": 1.55,
        "Logic": 1.55,
        "Stylized": 2.83,
        "2D Platformer": 1.55,
        "2D": 3.0100000000000002,
        "Text-Based": 1.55,
        "Horror": 2.85,
        "Psychological Horror": 2.0799999999999996,
        "Supernatural": 1.28,
        "Survival Horror": 1.28,
        "Exploration": 1.76,
        "Surreal": 1.28,
        "Action-Adventure": 1.28,
        "Psychedelic": 1.76,
        "Mystery": 1.28,
        "Sci-fi": 1.28,
        "3D": 1.7800000000000002,
        "Open World Survival Craft": 0.88,
        "Nudity": 1.3599999999999999,
        "Post-apocalyptic": 0.88,
        "Vehicular Combat": 1.23,
        "Combat": 0.88,
        "World War II": 1.71,
        "VR": 1.8399999999999999,
        "Flight": 0.88,
        "Tanks": 1.23,
        "Naval Combat": 0.88,
        "Cold War": 0.88,
        "Zombies": 1.35,
        "Walking Simulator": 1.69,
        "Pixel Graphics": 0.52,
        "Mythology": 0.52,
        "MMORPG": 0.65,
        "Anime": 1.25,
        "Strategy RPG": 0.52,
        "Memes": 0.73,
        "Shoot 'Em Up": 0.48,
        "Word Game": 0.48,
        "Hidden Object": 0.96,
        "Point & Click": 0.96,
        "Female Protagonist": 0.73,
        "Relaxing": 0.96,
        "Werewolves": 0.48,
        "Sniper": 0.48,
        "Bullet Time": 0.48,
        "Short": 0.96,
        "Top-Down": 0.88,
        "Ambient": 0.48,
        "Arcade": 0.76,
        "Visual Novel": 0.48,
        "Choices Matter": 0.88,
        "Interactive Fiction": 0.48,
        "Choose Your Own Adventure": 0.48,
        "Platformer": 0.48,
        "Cute": 0.48,
        "Blood": 0.47,
        "Arena Shooter": 0.47,
        "Tabletop": 0.47000000000000003,
        "Party-Based RPG": 0.4,
        "Dungeons & Dragons": 0.4,
        "Level Editor": 0.68,
        "Dungeon Crawler": 0.53,
        "Tactical RPG": 0.4,
        "Wargame": 0.4,
        "Hand-drawn": 0.4,
        "Real Time Tactics": 0.35,
        "Clicker": 0.33,
        "Idler": 0.33,
        "Illuminati": 0.33,
        "Match 3": 0.3,
        "Sexual Content": 0.25,
        "Dark Fantasy": 0.13,
        "Loot": 0.13,
        "Inventory Management": 0.13,
        "Capitalism": 0.07
    },