{
    "Genres": {
        "Action": 5628.5,
        "Strategy": 4029.82,
        "Free to Play": 4005.92,
        "Adventure": 229.38999999999996,
        "Massively Multiplayer": 105.33999999999997,
        "Casual": 50.51999999999998,
        "Indie": 44.67999999999997,
        "Racing": 39.58,
        "Sports": 28.1,
        "Simulation": 20.31,
        "RPG": 6.410000000000001,
        "Early Access": 0.3
    },
    "Tags": {
        "Free to Play": 163754,
        "MOBA": 23535,
        "Multiplayer": 126298,
        "Strategy": 34007,
        "e-sports": 14829,
        "Team-Based": 37595,
        "Competitive": 27330,
        "Action": 95154,
        "Online Co-Op": 40530,
        "PvP": 31918,
        "Difficult": 7485,
        "Co-op": 49103,
        "RTS": 4044,
        "RPG": 9215,
        "Tower Defense": 3730,
        "Fantasy": 7449,
        "Character Customization": 7456,
        "Replay Value": 4355,
        "Action RPG": 6144,
        "Simulation": 17970,
        "FPS": 51362,
        "Shooter": 70951,
        "Classic": 3291,
        "First-Person": 47239,
        "Tactical": 17307,
        "1990's": 1231,
        "Old School": 807,
        "Military": 7007,
        "Survival": 38082,
        "Score Attack": 296,
        "1980s": 276,
        "Assassin": 237,
        "Nostalgia": 911,
        "Open World": 50073,
        "Crime": 25164,
        "Automobile Sim": 18912,
        "Third Person": 27798,
        "Mature": 15626,
        "Adventure": 27942,
        "Singleplayer": 28049,
        "Third-Person Shooter": 26540,
        "Racing": 16285,
        "Sandbox": 22854,
        "Atmospheric": 13026,
        "Funny": 28186,
        "Great Soundtrack": 15515,
        "Comedy": 16246,
        "Moddable": 9731,
        "Turn-Based Strategy": 5030,
        "Turn-Based": 2749,
        "Historical": 2276,
        "4X": 1711,
        "Addictive": 1974,
        "Hex Grid": 1310,
        "Grand Strategy": 1051,
        "Economy": 2506,
        "Diplomacy": 684,
        "Touch-Friendly": 1035,
        "Battle Royale": 12147,
        "Early Access": 6439,
        "Stealth": 9061,
        "Card Battler": 541,
        "Deckbuilding": 520,
        "Card Game": 649,
        "Trading Card Game": 357,
        "Casual": 6134,
        "Magic": 30,
        "Violent": 492,
        "Hero Shooter": 111288,
        "Controller": 1393,
        "Massively Multiplayer": 10903,
        "Colorful": 1247,
        "Auto Battler": 490,
        "Chess": 182,
        "Turn-Based Tactics": 177,
        "Board Game": 1138,
        "Automation": 37,
        "Class-Based": 9687,
        "Cartoony": 7249,
        "Trading": 7002,
        "Robots": 5010,
        "Cartoon": 3913,
        "Crafting": 15831,
        "Football (Soccer)": 5482,
        "Sports": 4407,
        "Football (American)": 2413,
        "Fast-Paced": 3243,
        "Local Multiplayer": 2198,
        "Split Screen": 1838,
        "Local Co-Op": 2088,
        "4 Player Local": 1212,
        "Indie": 8523,
        "Martial Arts": 499,
        "Story Rich": 2912,
        "Parkour": 847,
        "Gore": 2959,
        "Fighting": 1138,
        "Remake": 57,
        "City Builder": 5009,
        "Building": 12148,
        "Management": 4125,
        "Resource Management": 1403,
        "Mod": 1282,
        "Realistic": 7605,
        "Modern": 4182,
        "Real-Time with Pause": 626,
        "Family Friendly": 2905,
        "Puzzle": 2211,
        "Physics": 1872,
        "Puzzle-Platformer": 1969,
        "3D Platformer": 1385,
        "War": 6332,
        "Heist": 7044,
        "Looter Shooter": 6233,
        "Gun Customization": 5102,
        "PvE": 2903,
        "Medieval": 4020,
        "Swordplay": 1221,
        "Hack and Slash": 3922,
        "Psychological": 472,
        "Abstract": 265,
        "Minimalist": 260,
        "Emotional": 237,
        "Multiple Endings": 235,
        "Isometric": 3211,
        "Dark": 465,
        "Drama": 189,
        "Logic": 176,
        "Stylized": 355,
        "2D Platformer": 159,
        "2D": 1697,
        "Text-Based": 89,
        "Horror": 3444,
        "Psychological Horror": 577,
        "Supernatural": 286,
        "Survival Horror": 281,
        "Exploration": 300,
        "Surreal": 250,
        "Action-Adventure": 220,
        "Psychedelic": 286,
        "Mystery": 165,
        "Sci-fi": 130,
        "3D": 349,
        "Open World Survival Craft": 8392,
        "Nudity": 4546,
        "Post-apocalyptic": 2810,
        "Vehicular Combat": 5427,
        "Combat": 4629,
        "World War II": 5274,
        "VR": 3926,
        "Flight": 3809,
        "Tanks": 6548,
        "Naval Combat": 3599,
        "Cold War": 3528,
        "Zombies": 1714,
        "Walking Simulator": 492,
        "Pixel Graphics": 270,
        "Mythology": 937,
        "MMORPG": 3972,
        "Anime": 703,
        "Strategy RPG": 563,
        "Memes": 64,
        "Shoot 'Em Up": 5,
        "Word Game": 31,
        "Hidden Object": 94,
        "Point & Click": 51,
        "Female Protagonist": 23,
        "Relaxing": 104,
        "Werewolves": 28,
        "Sniper": 870,
        "Bullet Time": 163,
        "Short": 93,
        "Top-Down": 168,
        "Ambient": 39,
        "Arcade": 199,
        "Visual Novel": 18,
        "Choices Matter": 101,
        "Interactive Fiction": 16,
        "Choose Your Own Adventure": 14,
        "Platformer": 98,
        "Cute": 63,
        "Blood": 269,
        "Arena Shooter": 185,
        "Tabletop": 409,
        "Party-Based RPG": 155,
        "Dungeons & Dragons": 152,
        "Level Editor": 344,
        "Dungeon Crawler": 3165,
        "Tactical RPG": 131,
        "Wargame": 129,
        "Hand-drawn": 119,
        "Real Time Tactics": 1001,
        "Clicker": 2054,
        "Idler": 1374,
        "Illuminati": 280,
        "Match 3": 18,
        "Sexual Content": 26,
        "Dark Fantasy": 3898,
        "Loot": 3057,
        "Inventory Management": 2991,
        "Capitalism": 280
    },
    "OwnedGames": [
        "Dota 2",
        "Counter-Strike 2",
        "Grand Theft Auto V",
        "Sid Meier's Civilization V",
        "PUBG: BATTLEGROUNDS",
        "Artifact Classic",
        "Paladins",
        "Dota Underlords",
        "Team Fortress 2",
        "Rocket League",
        "Sleeping Dogs: Definitive Edition",
        "Cities: Skylines",
        "Human Fall Flat",
        "Counter-Strike: Source",
        "PAYDAY 2",
        "For Honor",
        "Supraball",
        "Realm Royale Reforged",
        "DiRT Showdown",
        "Rust",
        "War Thunder",
        "Streamline",
        "Z1 Battle Royale",
        "BLOCKPOST LEGACY",
        "SMITE",
        "Tom Clancy's Ghost Recon Wildlands Open Beta",
        "A grande bagun\u00e7a espacial - The big space mess",
        "Ace of Words",
        "Crystals of Time",
        "Heaven Island - VR MMO",
        "Heaven Island Life",
        "Mountain Crime: Requital",
        "Overcast - Walden and the Werewolf",
        "Sniper Elite V2",
        "Sparkle 2 Evo",
        "Wild Island Quest",
        "Woodle Tree Adventures",
        "Loadout",
        "Splitgate",
        "Brawl of Ages",
        "World of Tanks Blitz",
        "Clicker Heroes",
        "Ember Strike",
        "TrackMania Nations Forever",
        "Animation Throwdown: The Quest for Cards",
        "Crazy Killer",
        "Path of Exile",
        "DiggerOnline",
        "Soccer Online: Ball 3D",
        "UnnyWorld",
        "Business Tour - Online Multiplayer Board Game"
    ]
}