{
    "Genres": {
        "Strategy": 7103.050000000002,
        "Action": 5373.140000000002,
        "Simulation": 5628.440000000001,
        "Adventure": 2778.5,
        "Massively Multiplayer": 1633.9999999999995,
        "Indie": 3782.1699999999983,
        "Free to Play": 1354.9199999999998,
        "RPG": 1486.8499999999988,
        "Casual": 1179.8099999999995,
        "Early Access": 718.3000000000002,
        "Racing": 297.00000000000006,
        "Sports": 275.90999999999997,
        "Animation & Modeling": 94.0,
        "Design & Illustration": 94.0,
        "Photo Editing": 94.0,
        "Utilities": 117.4,
        "Audio Production": 18.2
    },
    "Tags": {
        "Strategy": 103912,
        "World War II": 13422,
        "RTS": 18357,
        "Multiplayer": 296507,
        "Tactical": 30766,
        "Historical": 17440,
        "War": 20282,
        "Military": 18979,
        "Singleplayer": 144881,
        "Co-op": 176335,
        "Online Co-Op": 118447,
        "Base-Building": 33386,
        "Tanks": 4968,
        "Real-Time": 2355,
        "Action": 229259,
        "Real-Time with Pause": 7132,
        "Atmospheric": 98973,
        "Simulation": 111820,
        "Great Soundtrack": 39920,
        "Adventure": 142971,
        "FPS": 139732,
        "Shooter": 133176,
        "Classic": 11936,
        "Team-Based": 45642,
        "First-Person": 150755,
        "Competitive": 22986,
        "1990's": 2622,
        "e-sports": 15047,
        "PvP": 61433,
        "Old School": 2025,
        "Survival": 205851,
        "Score Attack": 592,
        "1980s": 552,
        "Assassin": 474,
        "Nostalgia": 3123,
        "Grand Strategy": 12330,
        "Alternate History": 5229,
        "Diplomacy": 5428,
        "Sandbox": 154852,
        "Strategy RPG": 1095,
        "Open World": 207804,
        "Post-apocalyptic": 52732,
        "Massively Multiplayer": 55571,
        "Horror": 91405,
        "Survival Horror": 45563,
        "Choose Your Own Adventure": 11507,
        "Zombies": 82102,
        "Turn-Based Strategy": 9183,
        "Turn-Based": 6197,
        "4X": 8738,
        "City Builder": 21541,
        "Building": 84576,
        "Management": 30386,
        "Moddable": 66505,
        "Hex Grid": 2264,
        "Wargame": 5020,
        "Economy": 22873,
        "Replay Value": 24307,
        "Political": 3212,
        "Nonlinear": 2108,
        "Colony Sim": 14839,
        "Procedural Generation": 12986,
        "2D": 37636,
        "Sci-fi": 30656,
        "Indie": 85842,
        "Space": 20009,
        "Tactical RPG": 1488,
        "Western": 1166,
        "Cartoony": 4043,
        "Battle Royale": 14235,
        "Third-Person Shooter": 32271,
        "Early Access": 28768,
        "Third Person": 55324,
        "Difficult": 26225,
        "Stealth": 22828,
        "Medieval": 15493,
        "RPG": 80456,
        "Character Customization": 26339,
        "Life Sim": 8214,
        "Choices Matter": 6390,
        "Automation": 5304,
        "Resource Management": 13307,
        "Crafting": 73773,
        "Trains": 1747,
        "Pixel Graphics": 31954,
        "Exploration": 62422,
        "Futuristic": 4457,
        "Free to Play": 158030,
        "Looter Shooter": 21323,
        "Casual": 46278,
        "Vehicular Combat": 5641,
        "Combat": 8025,
        "VR": 8512,
        "Flight": 5397,
        "Naval Combat": 4153,
        "Modern": 4911,
        "Cold War": 3528,
        "Realistic": 43894,
        "Open World Survival Craft": 112031,
        "Voxel": 10691,
        "Tower Defense": 9545,
        "Football (Soccer)": 5224,
        "Sports": 6630,
        "Racing": 22869,
        "Football (American)": 2413,
        "Fast-Paced": 3131,
        "Funny": 56298,
        "Local Multiplayer": 5089,
        "Split Screen": 1488,
        "Local Co-Op": 8607,
        "4 Player Local": 4082,
        "Space Sim": 3423,
        "Physics": 31095,
        "PvE": 14554,
        "Dinosaurs": 8967,
        "Dragons": 15362,
        "Gore": 27041,
        "Dark Fantasy": 6008,
        "Hero Shooter": 3825,
        "Class-Based": 4142,
        "Parkour": 5555,
        "Controller": 8441,
        "Comedy": 39076,
        "Robots": 3714,
        "Mature": 22139,
        "Utilities": 2523,
        "Software": 1979,
        "Anime": 6220,
        "Design & Illustration": 1421,
        "Animation & Modeling": 1480,
        "NSFW": 989,
        "Memes": 2980,
        "Cute": 8322,
        "Photo Editing": 397,
        "Game Development": 258,
        "Gaming": 219,
        "Fantasy": 33909,
        "Magic": 10189,
        "Story Rich": 32019,
        "Lore-Rich": 5419,
        "Action RPG": 19054,
        "Epic": 3853,
        "3D": 7162,
        "Spaceships": 472,
        "Trading": 957,
        "Mechs": 771,
        "Steampunk": 2240,
        "World War I": 1350,
        "Farming Sim": 9435,
        "Relaxing": 24351,
        "Agriculture": 6385,
        "Dating Sim": 3607,
        "Fishing": 2072,
        "Destruction": 5390,
        "Platformer": 14394,
        "Automobile Sim": 37155,
        "Education": 1998,
        "Science": 9475,
        "Immersive Sim": 13814,
        "Illuminati": 1236,
        "Quick-Time Events": 1911,
        "Crime": 25957,
        "Auto Battler": 352,
        "Action RTS": 1250,
        "Turn-Based Tactics": 675,
        "Real Time Tactics": 1145,
        "Mythology": 2506,
        "Inventory Management": 1698,
        "Remake": 2896,
        "Transportation": 12934,
        "Isometric": 1658,
        "Addictive": 2818,
        "Touch-Friendly": 432,
        "Board Game": 1699,
        "Party Game": 1141,
        "Minigames": 923,
        "Party": 216,
        "Tabletop": 1338,
        "Colorful": 3638,
        "Card Game": 559,
        "Turn-Based Combat": 2824,
        "Dungeons & Dragons": 2378,
        "CRPG": 2060,
        "Romance": 2033,
        "Co-op Campaign": 2344,
        "Sexual Content": 3017,
        "Mod": 2444,
        "Family Friendly": 13208,
        "Female Protagonist": 12203,
        "Walking Simulator": 2207,
        "Action Roguelike": 10846,
        "Rogue-like": 10453,
        "Dungeon Crawler": 4841,
        "Dark": 5533,
        "Rogue-lite": 4832,
        "Level Editor": 6264,
        "Top-Down": 3749,
        "Immersive": 211,
        "Creature Collector": 971,
        "Hack and Slash": 7830,
        "Beautiful": 473,
        "Naval": 276,
        "Games Workshop": 139,
        "Underwater": 664,
        "Social Deduction": 2950,
        "Psychological": 2467,
        "Aliens": 2945,
        "Minimalist": 681,
        "Side Scroller": 636,
        "Loot": 471,
        "Cyberpunk": 538,
        "Cinematic": 1248,
        "Psychological Horror": 12868,
        "Action-Adventure": 10737,
        "Violent": 13398,
        "MMORPG": 11564,
        "Cooking": 598,
        "Driving": 17875,
        "Trading Card Game": 368,
        "Blood": 6764,
        "2.5D": 250,
        "Audio Production": 137,
        "Music": 102,
        "Heist": 7044,
        "Gun Customization": 6324,
        "Pirates": 403,
        "Sailing": 96,
        "Hunting": 4122,
        "Nudity": 3160,
        "Capitalism": 2719,
        "Extraction Shooter": 341,
        "Swordplay": 933,
        "Ninja": 308,
        "Perma Death": 3029,
        "Bullet Hell": 2944,
        "Satire": 806,
        "Point & Click": 2084,
        "Dark Humor": 8904,
        "Interactive Fiction": 69,
        "Puzzle": 14595,
        "3D Platformer": 9691,
        "Cartoon": 1582,
        "Stylized": 556,
        "Retro": 423,
        "Lemmings": 254,
        "Warhammer 40K": 193,
        "Arcade": 1741,
        "Superhero": 381,
        "Nature": 2213,
        "America": 1633,
        "JRPG": 307,
        "3D Vision": 656,
        "TrackIR": 120,
        "Artificial Intelligence": 575,
        "Puzzle-Platformer": 10605,
        "Mystery": 1841,
        "Time Management": 826,
        "Fighting": 179,