{
    "Genres": {
        "Action": 8555.830000000016,
        "Adventure": 694.3800000000006,
        "Massively Multiplayer": 398.05,
        "Free to Play": 446.29,
        "Casual": 264.24999999999994,
        "Strategy": 237.19999999999996,
        "Indie": 348.04999999999995,
        "RPG": 203.45,
        "Software Training": 30.3,
        "Utilities": 30.42,
        "Simulation": 97.68000000000005,
        "Sports": 20.52,
        "Racing": 22.290000000000003,
        "Early Access": 6.45,
        "Nudity": 1.5,
        "Audio Production": 0.12
    },
    "Tags": {
        "Action": 202777,
        "FPS": 123928,
        "Multiplayer": 177877,
        "Shooter": 120869,
        "Classic": 17171,
        "Team-Based": 38481,
        "First-Person": 126565,
        "Competitive": 19447,
        "Tactical": 22013,
        "1990's": 6616,
        "e-sports": 18357,
        "PvP": 51784,
        "Old School": 3334,
        "Military": 8747,
        "Strategy": 55324,
        "Survival": 105797,
        "Score Attack": 991,
        "1980s": 1099,
        "Assassin": 2030,
        "Nostalgia": 736,
        "Battle Royale": 11224,
        "Third-Person Shooter": 29969,
        "Online Co-Op": 78258,
        "Co-op": 110922,
        "Early Access": 7570,
        "Third Person": 56363,
        "Difficult": 13169,
        "Simulation": 48933,
        "Stealth": 33463,
        "Free to Play": 80905,
        "Board Game": 252,
        "War": 7546,
        "Turn-Based Strategy": 3195,
        "Turn-Based": 3488,
        "Singleplayer": 96926,
        "Casual": 13860,
        "Tabletop": 95,
        "Turn-Based Tactics": 7596,
        "Local Co-Op": 6654,
        "Indie": 20937,
        "Grand Strategy": 2082,
        "Local Multiplayer": 4019,
        "Psychological Horror": 11013,
        "Massively Multiplayer": 26016,
        "Horror": 90644,
        "Survival Horror": 45478,
        "Gore": 26948,
        "Blood": 6764,
        "Violent": 13065,
        "Atmospheric": 98121,
        "Comedy": 28273,
        "Mature": 27918,
        "Sci-fi": 32970,
        "Action Roguelike": 840,
        "Bullet Hell": 896,
        "Rogue-lite": 997,
        "Hack and Slash": 5729,
        "Arena Shooter": 813,
        "Arcade": 2045,
        "Top-Down Shooter": 902,
        "Controller": 7578,
        "Combat": 4065,
        "RPG": 58125,
        "2D": 7325,
        "Post-apocalyptic": 57161,
        "Funny": 31614,
        "Procedural Generation": 3574,
        "Physics": 6995,
        "Party": 730,
        "Platformer": 13305,
        "Retro": 4157,
        "Adventure": 115945,
        "Zombies": 69380,
        "Story Rich": 55990,
        "Point & Click": 2741,
        "Episodic": 2146,
        "Choices Matter": 7902,
        "Drama": 1376,
        "Emotional": 1469,
        "Choose Your Own Adventure": 21705,
        "Comic Book": 849,
        "Quick-Time Events": 2475,
        "Open World": 145201,
        "Sandbox": 56199,
        "Utilities": 162,
        "Software Training": 21,
        "Female Protagonist": 15046,
        "Exploration": 36009,
        "Action-Adventure": 11374,
        "Puzzle": 13476,
        "Cinematic": 2175,
        "Reboot": 859,
        "3D Vision": 773,
        "Dark Humor": 12513,
        "Satire": 1266,
        "Nudity": 7421,
        "Cartoon": 795,
        "Fantasy": 25758,
        "Epic": 1811,
        "JRPG": 697,
        "Warhammer 40K": 729,
        "Games Workshop": 109,
        "Dystopian ": 2877,
        "Futuristic": 2265,
        "Great Soundtrack": 34320,
        "Aliens": 5715,
        "Silent Protagonist": 2954,
        "Moddable": 36195,
        "Card Game": 6455,
        "Romance": 114,
        "Turn-Based Combat": 90,
        "Anime": 971,
        "Remake": 1026,
        "Character Customization": 9691,
        "3D Platformer": 7422,
        "Family Friendly": 7221,
        "Colorful": 6715,
        "Racing": 12944,
        "Cute": 985,
        "Cartoony": 2509,
        "Party Game": 808,
        "Action RPG": 21137,
        "Memes": 3267,
        "Linear": 654,
        "Replay Value": 5451,
        "Class-Based": 785,
        "Bullet Time": 789,
        "3D": 2269,
        "Dark Comedy": 1504,
        "Crafting": 13155,
        "Open World Survival Craft": 25540,
        "Space": 6132,
        "Space Sim": 2211,
        "VR": 4550,
        "Cult Classic": 640,
        "Dark": 4435,
        "Puzzle-Platformer": 7002,
        "Text-Based": 301,
        "Heist": 7749,
        "Crime": 25919,
        "Dragons": 8005,
        "Medieval": 11266,
        "Magic": 7055,
        "Lore-Rich": 2451,
        "Mini Golf": 449,
        "Sports": 898,
        "Golf": 380,
        "Offroad": 26,
        "Split Screen": 277,
        "Motorbike": 14,
        "Runner": 228,
        "Lovecraftian": 23,
        "Driving": 13022,
        "Automobile Sim": 30843,
        "Sexual Content": 200,
        "Swordplay": 1219,
        "Ninja": 406,
        "Demons": 160,
        "Steampunk": 4946,
        "Underwater": 644,
        "Alternate History": 1376,
        "Immersive Sim": 12049,
        "Relaxing": 12403,
        "Sniper": 870,
        "World War II": 3173,
        "Historical": 4670,
        "Psychological": 819,
        "Surreal": 343,
        "Collectathon": 105,
        "Spaceships": 200,
        "Trading": 196,
        "Flight": 416,
        "Tactical RPG": 5955,
        "Destruction": 598,
        "Science": 4927,
        "Looter Shooter": 13390,
        "Gun Customization": 3726,
        "PvE": 15557,
        "Base-Building": 11098,
        "Mythology": 262,
        "Hand-drawn": 247,
        "Isometric": 2312,
        "Vikings": 39,
        "Kickstarter": 82,
        "Boss Rush": 21,
        "Souls-like": 33,
        "Rogue-like": 239,
        "Dwarf": 144,
        "Tower Defense": 10325,
        "Shoot 'Em Up": 1329,
        "Stylized": 7477,
        "Top-Down": 450,
        "Building": 12497,
        "Loot": 9790,
        "Mining": 88,
        "Action RTS": 82,
        "Short": 144,
        "Side Scroller": 571,
        "4 Player Local": 2396,
        "Beautiful": 2854,
        "Superhero": 294,
        "Precision Platformer": 794,
        "2D Platformer": 2723,
        "Pixel Graphics": 2127,
        "Vehicular Combat": 55,
        "Music": 597,
        "RTS": 14855,
        "Gothic": 186,
        "Beat 'em up": 238,
        "Medical Sim": 528,
        "Management": 16333,
        "City Builder": 2803,
        "Voxel": 120,
        "Real Time Tactics": 8412,
        "Colony Sim": 1817,
        "Economy": 13773,
        "Real-Time": 1649,
        "Resource Management": 1336,
        "Visual Novel": 275,
        "Multiple Endings": 3867,
        "Illuminati": 140,
        "Realistic": 15807,
        "Walking Simulator": 374,
        "Education": 146,
        "Fighting": 4061,
        "3D Fighter": 253,
        "2D Fighter": 2166,
        "Parkour": 5794,
        "Western": 1522,
        "Hunting": 107,
        "America": 371,
        "2.5D": 54,
        "Bowling": 825,
        "Mechs": 134,
        "Robots": 72,
        "Snow": 7,
        "Rhythm": 30,
        "Touch-Friendly": 63,
        "MOBA": 19975,
        "Fast-Paced": 658,
        "Transportation": 12432,
        "Level Editor": 5954,
        "Cyberpunk": 322,
        "Experimental": 15,
        "Psychedelic": 13,
        "Time Manipulation": 216,
        "Minimalist": 361,
        "Artificial Intelligence": 168,
        "Hero Shooter": 280,
        "Mod": 579,
        "Co-op Campaign": 236,
        "Modern": 1506,
        "Intentionally Awkward Controls": 10,
        "Dungeon Crawler": 27,
        "Werewolves": 28,
        "Mars": 162,
        "Twin Stick Shooter": 312,
        "RPGMaker": 180,
        "Typing": 17,
        "Real-Time with Pause": 328,
        "Politics": 126,
        "Political": 681,
        "Cold War": 501,
        "Capitalism": 57,
        "God Game": 295,
        "Match 3": 16,
        "Perma Death": 62,
        "Noir": 18,