{
    "Genres": {
        "Action": 1070.5269999999998,
        "RPG": 116.17,
        "Adventure": 123.37,
        "Free to Play": 27.97,
        "Indie": 58.21000000000001,
        "Massively Multiplayer": 27.75,
        "Simulation": 28.07,
        "Casual": 43.7,
        "Strategy": 12.569999999999999,
        "Racing": 0.32
    },
    "Tags": {
        "Action": 1060.0969999999995,
        "FPS": 966.1670000000001,
        "Multiplayer": 906.687,
        "Shooter": 982.907,
        "Classic": 750.8170000000001,
        "Team-Based": 729.687,
        "First-Person": 963.9870000000001,
        "Competitive": 729.237,
        "Tactical": 797.987,
        "1990's": 724.917,
        "e-sports": 726.187,
        "PvP": 820.087,
        "Old School": 734.6170000000001,
        "Military": 792.137,
        "Strategy": 815.2870000000001,
        "Survival": 799.7570000000001,
        "Score Attack": 724.937,
        "1980s": 773.517,
        "Assassin": 724.917,
        "Nostalgia": 724.917,
        "Cyberpunk": 136.7,
        "Stealth": 138.39999999999998,
        "RPG": 205.26999999999998,
        "Sci-fi": 244.72999999999996,
        "Story Rich": 348.82,
        "Atmospheric": 324.67,
        "Singleplayer": 328.33999999999986,
        "Futuristic": 88.64999999999999,
        "Illuminati": 84.6,
        "Immersive Sim": 88.1,
        "Great Soundtrack": 288.25999999999993,
        "Open World": 202.88,
        "Conspiracy": 84.6,
        "Dystopian ": 100.64999999999999,
        "Transhumanism": 84.6,
        "Adventure": 366.2899999999999,
        "War": 76.92,
        "Co-op": 130.67000000000002,
        "Online Co-Op": 118.17000000000002,
        "Controller": 67.23,
        "Linear": 69.0,
        "Moddable": 73.32,
        "Female Protagonist": 104.99999999999999,
        "Violent": 93.05,
        "Alternate History": 61.0,
        "Gore": 99.47,
        "Third Person": 83.22,
        "Puzzle": 133.45000000000005,
        "Action-Adventure": 93.28,
        "Exploration": 114.10000000000001,
        "Dark": 38.0,
        "Heist": 38.0,
        "Souls-like": 41.35,
        "Swordplay": 40.5,
        "Platformer": 48.46,
        "Space": 40.75,
        "Fighting": 29.85,
        "Metroidvania": 29.8,
        "Fantasy": 57.5,
        "Hack and Slash": 29.8,
        "Family Friendly": 54.85,
        "Simulation": 29.34,
        "Action RPG": 31.2,
        "MMORPG": 27.7,
        "Colony Sim": 27.7,
        "Life Sim": 27.7,
        "2D": 61.7,
        "Dinosaurs": 27.7,
        "Post-apocalyptic": 34.9,
        "Character Customization": 41.9,
        "Hunting": 27.7,
        "Massively Multiplayer": 27.75,
        "Casual": 47.00000000000001,
        "Match 3": 12.589999999999998,
        "Addictive": 17.849999999999998,
        "Relaxing": 41.74,
        "Touch-Friendly": 15.5,
        "Colorful": 14.67,
        "Indie": 42.760000000000005,
        "Parkour": 10.7,
        "Combat": 14.1,
        "Difficult": 27.27,
        "Dark Humor": 15.6,
        "Puzzle-Platformer": 31.950000000000006,
        "Funny": 22.330000000000002,
        "3D Platformer": 16.45,
        "Physics": 40.089999999999996,
        "Level Editor": 10.469999999999999,
        "Science": 15.6,
        "Comedy": 18.35,
        "World War II": 12.399999999999999,
        "Robots": 13.0,
        "Epic": 9.7,
        "Historical": 9.7,
        "Short": 29.630000000000006,
        "Fast-Paced": 19.319999999999997,
        "Minimalist": 26.16,
        "Point & Click": 22.07,
        "Cute": 25.550000000000004,
        "Pixel Graphics": 8.469999999999999,
        "Logic": 9.62,
        "Horror": 16.88,
        "Trading Card Game": 10.26,
        "Mouse only": 4.18,
        "Nudity": 7.05,
        "Mature": 3.5,
        "Walking Simulator": 3.4,
        "Cinematic": 3.65,
        "Third-Person Shooter": 3.4,
        "Hand-drawn": 3.67,
        "Steampunk": 3.3,
        "Surreal": 3.3,
        "Stylized": 3.3,
        "Silent Protagonist": 3.6500000000000004,
        "Zombies": 8.469999999999999,
        "Aliens": 3.9000000000000004,
        "Replay Value": 3.25,
        "Destruction": 5.57,
        "Sequel": 3.87,
        "Abstract": 5.17,
        "Pinball": 2.98,
        "Building": 2.4,
        "Side Scroller": 3.04,
        "Shoot 'Em Up": 2.42,
        "Management": 2.42,
        "Sandbox": 3.42,
        "Free to Play": 5.3999999999999995,
        "Psychological Horror": 3.9600000000000004,
        "Education": 1.95,
        "Beautiful": 1.95,
        "PvE": 1.35,
        "Tactical RPG": 1.65,
        "Anime": 1.9,
        "Music": 1.28,
        "Turn-Based Strategy": 1.27,
        "Artificial Intelligence": 1.27,
        "Real-Time": 1.27,
        "Card Game": 1.23,
        "LEGO": 1.23,
        "Rhythm": 1.0,
        "Clicker": 0.95,
        "Experimental": 0.95,
        "Minigames": 0.95,
        "Dating Sim": 0.95,
        "Sexual Content": 0.95,
        "Lovecraftian": 0.85,
        "Collectathon": 0.85,
        "Psychological": 0.85,
        "Racing": 0.94,
        "Dungeon Crawler": 0.99,
        "Arcade": 1.64,
        "Local Multiplayer": 0.58,
        "Cult Classic": 0.58,
        "Benchmark": 0.55,
        "Survival Horror": 0.45,
        "Local Co-Op": 0.45,
        "Tabletop": 0.37,
        "Party-Based RPG": 0.37,
        "Dungeons & Dragons": 0.37,
        "Wargame": 0.37,
        "3D": 0.37,
        "Top-Down": 0.37,
        "Choices Matter": 0.37,
        "Memes": 0.37,
        "Hidden Object": 0.37,
        "Lore-Rich": 0.25,
        "Soundtrack": 0.25,
        "Retro": 0.02,
        "Early Access": 0.02,
        "Time Manipulation": 0.02,
        "Turn-Based": 0.02
    },