{
    "Genres": {
        "Casual": 15356.9,
        "Free to Play": 15932.5,
        "Indie": 15302.6,
        "Strategy": 3766.9,
        "Action": 2640.5,
        "Massively Multiplayer": 1070.2,
        "RPG": 2502.3,
        "Simulation": 3804.5000000000005,
        "Adventure": 1432.1,
        "Racing": 494.6,
        "Early Access": 494.6,
        "Animation & Modeling": 317.6,
        "Design & Illustration": 317.6,
        "Utilities": 317.6
    },
    "Tags": {
        "Free to Play": 16427.100000000002,
        "Clicker": 15356.9,
        "Casual": 16427.100000000002,
        "Indie": 14326.4,
        "Funny": 12211.2,
        "Singleplayer": 13330.8,
        "Fantasy": 9566.6,
        "Strategy": 13709.499999999998,
        "2D": 12211.2,
        "Addictive": 9988.7,
        "Idler": 14212.0,
        "RPG": 11999.699999999999,
        "Zombies": 10968.6,
        "Multiplayer": 14465.599999999999,
        "Action": 12481.4,
        "Survival": 2069.5,
        "Massively Multiplayer": 1070.2,
        "Open World": 1344.5,
        "PvP": 1795.2,
        "Simulation": 6142.100000000001,
        "FPS": 2640.5,
        "Co-op": 1070.2,
        "Horror": 1070.2,
        "Post-apocalyptic": 1070.2,
        "Shooter": 2640.5,
        "PvE": 1070.2,
        "Third-Person Shooter": 1070.2,
        "Third Person": 1070.2,
        "Capitalism": 1398.3000000000002,
        "City Builder": 976.2,
        "Building": 1250.5,
        "Management": 2312.8,
        "Cartoon": 976.2,
        "Cartoony": 976.2,
        "Time Management": 976.2,
        "Colorful": 976.2,
        "Text-Based": 976.2,
        "Resource Management": 976.2,
        "Point & Click": 2243.6,
        "Isometric": 976.2,
        "Family Friendly": 1336.6,
        "Adventure": 2699.5000000000005,
        "Touch-Friendly": 1336.6,
        "Illuminati": 914.5,
        "Time Travel": 845.3,
        "Voxel": 845.3,
        "Relaxing": 845.3,
        "First-Person": 1570.3,
        "Tower Defense": 845.3,
        "Classic": 725.0,
        "Team-Based": 725.0,
        "Competitive": 725.0,
        "Tactical": 725.0,
        "1990's": 725.0,
        "e-sports": 725.0,
        "Old School": 725.0,
        "Military": 725.0,
        "Score Attack": 725.0,
        "1980s": 725.0,
        "Assassin": 725.0,
        "Nostalgia": 725.0,
        "Racing": 494.6,
        "Early Access": 494.6,
        "Real-Time": 422.1,
        "Comedy": 422.1,
        "Memes": 422.1,
        "Utilities": 317.6,
        "Animation & Modeling": 317.6,
        "Design & Illustration": 317.6,
        "Sandbox": 274.3,
        "Magic": 274.3,
        "Medieval": 274.3,
        "Atmospheric": 274.3,
        "Female Protagonist": 274.3,
        "Anime": 243.3,
        "Cute": 243.3
    },
    "OwnedGames": [
        [
            "Crusaders of the Lost Idols",
            8652.1
        ],
        [
            "Zombidle: REMONSTERED",
            1246.3
        ],
        [
            "Infestation: Survivor Stories 2020",
            1070.2
        ],
        [
            "Holyday City: Reloaded",
            976.2
        ],
        [
            "Clicker Heroes",
            914.5
        ],
        [
            "Trailer Park Boys: Greasy Money",
            901.6
        ],
        [
            "Time Clickers",
            845.3
        ],
        [
            "Counter-Strike 2",
            725.0
        ],
        [
            "Idle Racing GO: Car Clicker Tycoon",
            494.6
        ],
        [
            "AdVenture Capitalist",
            422.1
        ],
        [
            "Transport Defender",
            386.6
        ],
        [
            "XWidget",
            317.6
        ],
        [
            "Midas Gold Plus",
            274.3
        ],
        [
            "Ragnarok Clicker",
            243.3
        ]
    ]
}