{
    "Genres": {
        "Action": 6084.560000000008,
        "Adventure": 4933.820000000004,
        "Massively Multiplayer": 3703.5600000000004,
        "Free to Play": 3914.4900000000002,
        "Casual": 1407.7799999999995,
        "Indie": 1825.8299999999997,
        "RPG": 1999.91,
        "Strategy": 1682.4399999999998,
        "Simulation": 1131.1999999999998,
        "Early Access": 279.09999999999997,
        "Animation & Modeling": 115.30000000000001,
        "Design & Illustration": 115.30000000000001,
        "Video Production": 110.9,
        "Sports": 170.41,
        "Racing": 102.92999999999999,
        "Photo Editing": 4.4,
        "Utilities": 4.4,
        "Violent": 0.85
    },
    "Tags": {
        "Survival": 85485,
        "Shooter": 91215,
        "Battle Royale": 10698,
        "Multiplayer": 173613,
        "FPS": 105503,
        "PvP": 42534,
        "Third-Person Shooter": 13325,
        "Action": 135060,
        "Online Co-Op": 63810,
        "Tactical": 30934,
        "Co-op": 100043,
        "First-Person": 78450,
        "Strategy": 36015,
        "Early Access": 7899,
        "Competitive": 27898,
        "Third Person": 22786,
        "Team-Based": 28630,
        "Difficult": 20831,
        "Simulation": 53979,
        "Stealth": 7906,
        "Classic": 4789,
        "1990's": 1231,
        "e-sports": 10457,
        "Old School": 869,
        "Military": 11887,
        "Score Attack": 608,
        "1980s": 382,
        "Assassin": 2187,
        "Nostalgia": 2279,
        "Free to Play": 129936,
        "RPG": 45645,
        "Massively Multiplayer": 39310,
        "Casual": 36518,
        "Adventure": 90853,
        "Clicker": 1065,
        "MMORPG": 17471,
        "Character Customization": 12511,
        "Fantasy": 18131,
        "Indie": 53361,
        "Comedy": 13818,
        "Medieval": 4593,
        "Singleplayer": 82010,
        "Funny": 28900,
        "Dark Humor": 7088,
        "Story Rich": 23538,
        "Cult Classic": 230,
        "Hero Shooter": 69914,
        "War": 10315,
        "Realistic": 26961,
        "Destruction": 7683,
        "3D": 7791,
        "Open World": 107678,
        "Looter Shooter": 21103,
        "PvE": 6924,
        "Loot": 6290,
        "Sci-fi": 18184,
        "Lore-Rich": 10709,
        "Space": 12113,
        "Atmospheric": 74066,
        "Walking Simulator": 461,
        "Crafting": 47576,
        "Open World Survival Craft": 27968,
        "Sandbox": 73945,
        "Violent": 3701,
        "Sexual Content": 581,
        "Exploration": 42591,
        "Choose Your Own Adventure": 11794,
        "Magic": 5828,
        "Action RPG": 12865,
        "Class-Based": 11493,
        "Base-Building": 11448,
        "Automation": 7188,
        "Resource Management": 10083,
        "Building": 29801,
        "Dark Fantasy": 13033,
        "Hack and Slash": 5754,
        "Dungeon Crawler": 7850,
        "Isometric": 3832,
        "Inventory Management": 3334,
        "Horror": 20755,
        "Farming Sim": 10223,
        "Agriculture": 7298,
        "Driving": 15616,
        "Management": 23094,
        "Automobile Sim": 15943,
        "Moddable": 27139,
        "Relaxing": 24391,
        "Economy": 16377,
        "Family Friendly": 12832,
        "Immersive Sim": 14511,
        "Nature": 2054,
        "Horses": 467,
        "America": 1884,
        "Tower Defense": 4155,
        "Cartoony": 9651,
        "Great Soundtrack": 20444,
        "Cute": 7657,
        "2D": 27398,
        "Animation & Modeling": 1817,
        "Software": 2337,
        "Design & Illustration": 2964,
        "Game Development": 637,
        "Video Production": 356,
        "GameMaker": 130,
        "Utilities": 2470,
        "Physics": 10791,
        "3D Vision": 204,
        "Hentai": 67,
        "Trains": 4183,
        "Level Editor": 6588,
        "TrackIR": 92,
        "Transportation": 13961,
        "VR": 988,
        "City Builder": 5347,
        "Grand Strategy": 2280,
        "4X": 1931,
        "Real-Time with Pause": 1243,
        "Diplomacy": 881,
        "Futuristic": 2014,
        "Replay Value": 17679,
        "Procedural Generation": 10424,
        "Sports": 5063,
        "Pixel Graphics": 25040,
        "Voxel": 2523,
        "Colorful": 4916,
        "Zombies": 50688,
        "Post-apocalyptic": 31603,
        "World War II": 224,
        "Historical": 2384,
        "Controller": 7689,
        "Action-Adventure": 10473,
        "Hunting": 2146,
        "Psychedelic": 1222,
        "Racing": 7837,
        "Split Screen": 1906,
        "Local Multiplayer": 4598,
        "Arcade": 2401,
        "Nudity": 1291,
        "Mod": 35,
        "Wholesome": 129,
        "Cozy": 111,
        "Life Sim": 6940,
        "Dating Sim": 2458,
        "Fishing": 2072,
        "Platformer": 14930,
        "Turn-Based Strategy": 3086,
        "Turn-Based": 3045,
        "Local Co-Op": 6666,
        "Memes": 1439,
        "Gore": 8371,
        "Puzzle": 16302,
        "Mahjong": 52,
        "Board Game": 1866,
        "Hand-drawn": 676,
        "Tabletop": 764,
        "Abstract": 642,
        "Turn-Based Tactics": 2901,
        "Logic": 1692,
        "Minimalist": 3498,
        "Action Roguelike": 7603,
        "Rogue-like": 6343,
        "Dark": 1997,
        "Remake": 1504,
        "Rogue-lite": 4687,
        "Fast-Paced": 4537,
        "RTS": 1641,
        "Real-Time": 616,
        "Science": 4910,
        "Idler": 630,
        "Education": 2304,
        "Dinosaurs": 799,
        "God Game": 76,
        "Point & Click": 1178,
        "Capitalism": 2116,
        "Trading": 7002,
        "Psychological Horror": 946,
        "MOBA": 100,
        "Bullet Hell": 2466,
        "Arena Shooter": 987,
        "Top-Down Shooter": 1468,
        "Combat": 1543,
        "Puzzle-Platformer": 11300,
        "Female Protagonist": 8388,
        "3D Platformer": 8022,
        "Vampire": 903,
        "Retro": 575,
        "Parkour": 3276,
        "Based On A Novel": 318,
        "CRPG": 278,
        "Kickstarter": 204,
        "Crowdfunded": 104,
        "Survival Horror": 13465,
        "Outbreak Sim": 1536,
        "Addictive": 687,
        "Cooking": 598,
        "Mining": 397,
        "Time Management": 517,
        "Asynchronous Multiplayer": 306,
        "Real Time Tactics": 183,
        "Mythology": 1123,
        "Colony Sim": 1929,
        "Choices Matter": 2211,
        "Political Sim": 105,
        "Stylized": 2520,
        "Narration": 480,
        "Tutorial": 73,
        "Gun Customization": 94,
        "Epic": 1789,
        "Deckbuilding": 245,
        "Card Game": 529,
        "Traditional Roguelike": 14,
        "Modern": 1657,
        "Mature": 4142,
        "Comic Book": 216,
        "Social Deduction": 1415,
        "Psychological": 837,
        "Party Game": 850,
        "Aliens": 1778,
        "Minigames": 770,
        "Top-Down": 3255,
        "Underwater": 650,
        "Space Sim": 2167,
        "Anime": 1951,
        "NSFW": 855,
        "Photo Editing": 397,
        "Gaming": 219,
        "Hacking": 3360,
        "Programming": 546,
        "Typing": 470,
        "Crime": 375,
        "Detective": 516,
        "Cyberpunk": 1316,
        "Dystopian ": 550,
        "Hidden Object": 243,
        "Surreal": 9,
        "Short": 1459,
        "Visual Novel": 12,
        "Turn-Based Combat": 767,
        "Hardware": 276,
        "Collectathon": 1673,
        "Touch-Friendly": 588,
        "Motorbike": 42,
        "Bikes": 39,
        "Mystery": 395,
        "Villain Protagonist": 118,
        "Heist": 163,
        "4 Player Local": 1546,
        "Party": 45,
        "Pirates": 1686,
        "Naval": 872,
        "Naval Combat": 392,
        "Co-op Campaign": 287,
        "Card Battler": 246,
        "Roguelike Deckbuilder": 156,
        "Demons": 130,
        "Spelling": 52,
        "Word Game": 136,
        "Text-Based": 119,
        "Football (Soccer)": 5224,
        "Football (American)": 2413,