{
    "Genres": {
        "Action": 9018.910000000005,
        "Indie": 1304.299999999999,
        "Racing": 868.7699999999999,
        "Sports": 1074.3999999999999,
        "Adventure": 1258.2699999999993,
        "Simulation": 676.5500000000001,
        "Strategy": 419.3300000000001,
        "Free to Play": 378.61,
        "RPG": 653.74,
        "Casual": 422.4000000000001,
        "Massively Multiplayer": 259.43,
        "Early Access": 8.5,
        "Animation & Modeling": 1.6,
        "Design & Illustration": 1.6,
        "Photo Editing": 1.57,
        "Utilities": 1.6,
        "Education": 0.03,
        "Software Training": 0.03,
        "Web Publishing": 0.03,
        "Game Development": 0.03
    },
    "Tags": {
        "Action": 204499,
        "FPS": 135418,
        "Multiplayer": 237572,
        "Shooter": 151132,
        "Classic": 4083,
        "Team-Based": 49364,
        "First-Person": 123098,
        "Competitive": 35501,
        "Tactical": 36567,
        "1990's": 1236,
        "e-sports": 24911,
        "PvP": 49914,
        "Old School": 831,
        "Military": 17421,
        "Strategy": 43255,
        "Survival": 98387,
        "Score Attack": 296,
        "1980s": 1720,
        "Assassin": 1873,
        "Nostalgia": 187,
        "Football (Soccer)": 5524,
        "Sports": 5559,
        "Racing": 16755,
        "Online Co-Op": 100570,
        "Football (American)": 2413,
        "Fast-Paced": 4547,
        "Co-op": 144310,
        "Funny": 50663,
        "Great Soundtrack": 22988,
        "Local Multiplayer": 7796,
        "Split Screen": 1771,
        "Local Co-Op": 8726,
        "Singleplayer": 95711,
        "4 Player Local": 5488,
        "Casual": 45061,
        "Indie": 57461,
        "Open World": 126870,
        "Crime": 26888,
        "Automobile Sim": 35508,
        "Third Person": 44093,
        "Mature": 18530,
        "Adventure": 89411,
        "Third-Person Shooter": 40369,
        "Sandbox": 91783,
        "Atmospheric": 66534,
        "Comedy": 35503,
        "Moddable": 46689,
        "Hero Shooter": 72877,
        "War": 16056,
        "Realistic": 43959,
        "Destruction": 5975,
        "Difficult": 11392,
        "3D": 4433,
        "Controller": 7536,
        "PvE": 11918,
        "Simulation": 64956,
        "Family Friendly": 7980,
        "Early Access": 11502,
        "Turn-Based Strategy": 2760,
        "Historical": 4795,
        "Grand Strategy": 1441,
        "Turn-Based": 1815,
        "4X": 1185,
        "City Builder": 1905,
        "Building": 44009,
        "Management": 16402,
        "Hex Grid": 377,
        "Free to Play": 198615,
        "Class-Based": 11613,
        "Cartoony": 10658,
        "Trading": 6748,
        "Robots": 8276,
        "Cartoon": 3884,
        "Crafting": 48603,
        "Medieval": 5145,
        "RPG": 45309,
        "Horses": 1071,
        "Hack and Slash": 10217,
        "Fantasy": 7297,
        "Arcade": 2303,
        "Shoot 'Em Up": 102,
        "Beautiful": 228,
        "2D": 21449,
        "Colorful": 1837,
        "Sci-fi": 16508,
        "Space Sim": 23,
        "Aliens": 1342,
        "Space": 9318,
        "Flight": 13,
        "Open World Survival Craft": 41270,
        "Pixel Graphics": 19025,
        "Exploration": 40225,
        "Replay Value": 9866,
        "Platformer": 7792,
        "Battle Royale": 12147,
        "Stealth": 14604,
        "Motorbike": 318,
        "Bikes": 39,
        "Driving": 15811,
        "Transportation": 15089,
        "Relaxing": 21077,
        "Immersive Sim": 16734,
        "Economy": 14672,
        "Mystery": 1779,
        "Social Deduction": 1494,
        "Werewolves": 184,
        "Massively Multiplayer": 43749,
        "Memes": 2373,
        "Party-Based RPG": 148,
        "Strategy RPG": 146,
        "2.5D": 339,
        "Heist": 7815,
        "Looter Shooter": 43164,
        "Gun Customization": 4956,
        "Character Customization": 12739,
        "Combat Racing": 67,
        "Anime": 3151,
        "Immersive": 18,
        "Music": 471,
        "Post-apocalyptic": 30397,
        "Horror": 29965,
        "Survival Horror": 20683,
        "Choose Your Own Adventure": 10294,
        "Zombies": 54814,
        "Futuristic": 2097,
        "Mod": 274,
        "Action-Adventure": 2622,
        "America": 4755,
        "Story Rich": 7899,
        "Hunting": 2621,
        "Nature": 2029,
        "Psychedelic": 2531,
        "Board Game": 524,
        "Party Game": 1141,
        "Minigames": 993,
        "Party": 216,
        "Tabletop": 150,
        "Gore": 11510,
        "Loot": 9746,
        "Physics": 15684,
        "RTS": 5908,
        "Base-Building": 6903,
        "Resource Management": 787,
        "Real-Time": 366,
        "Real-Time with Pause": 165,
        "Level Editor": 2297,
        "Cats": 813,
        "Side Scroller": 971,
        "2D Platformer": 2839,
        "Puzzle-Platformer": 1002,
        "Narration": 1010,
        "Puzzle": 1581,
        "Female Protagonist": 1015,
        "Action RPG": 19225,
        "Beat 'em up": 2204,
        "Cute": 4181,
        "Fighting": 4210,
        "2D Fighter": 2119,
        "Combat": 5066,
        "Psychological": 837,
        "Top-Down": 2173,
        "Mini Golf": 250,
        "Golf": 223,
        "VR": 189,
        "Based On A Novel": 454,
        "Nudity": 241,
        "Remake": 237,
        "Violent": 3991,
        "Walking Simulator": 3438,
        "Illuminati": 1915,
        "Parkour": 8737,
        "Quick-Time Events": 635,
        "Modern": 116,
        "Psychological Horror": 1792,
        "Procedural Generation": 940,
        "Time Management": 742,
        "Dungeon Crawler": 549,
        "Perma Death": 452,
        "Political": 68,
        "Politics": 55,
        "Choices Matter": 49,
        "Multiple Endings": 1020,
        "Dark Humor": 2196,
        "Western": 863,
        "Bullet Time": 647,
        "Dynamic Narration": 182,
        "Alternate History": 165,
        "Dark Comedy": 312,
        "Dinosaurs": 8967,
        "Dragons": 3197,
        "Farming Sim": 7065,
        "Life Sim": 7248,
        "Agriculture": 5627,
        "Dating Sim": 2427,
        "Fishing": 2072,
        "Epic": 34,
        "Games Workshop": 26,
        "Lore-Rich": 7558,
        "Ninja": 8162,
        "Superhero": 75,
        "Retro": 1220,
        "Co-op Campaign": 519,
        "Cinematic": 204,
        "Education": 154,
        "Dark": 1427,
        "Emotional": 234,
        "Dark Fantasy": 180,
        "Satire": 406,
        "Steampunk": 1717,
        "Magic": 844,
        "Dystopian ": 1046,
        "Minimalist": 721,
        "Utilities": 2383,
        "Software": 1876,
        "Design & Illustration": 1454,
        "Animation & Modeling": 1183,
        "NSFW": 855,
        "Photo Editing": 397,
        "Game Development": 316,
        "Gaming": 219,
        "Short": 643,
        "Drama": 511,
        "Thriller": 471,
        "Mythology": 68,
        "Mouse only": 14,
        "Cyberpunk": 901,
        "Conspiracy": 330,
        "Transhumanism": 252,
        "Surreal": 830,
        "TrackIR": 75,
        "Top-Down Shooter": 573,
        "Addictive": 820,
        "Runner": 134,
        "Science": 121,
        "3D Platformer": 106,
        "Stylized": 87,
        "Precision Platformer": 46,
        "Unforgiving": 39,
        "MOBA": 20114,
        "Voxel": 134,
        "3D Vision": 146,
        "World War II": 3437,
        "Card Game": 48,
        "Vehicular Combat": 149,
        "3D Fighter": 538,
        "Martial Arts": 241,
        "Blood": 206,
        "Rhythm": 5,
        "Tower Defense": 3712,
        "Turn-Based Tactics": 274,
        "Turn-Based Combat": 184,
        "Rogue-lite": 257,
        "Mechs": 254,
        "Deckbuilding": 228,
        "Rogue-like": 185,
        "Isometric": 172,
        "Roguelike Deckbuilder": 158,
        "RPGMaker": 73,
        "Point & Click": 24,
        "Episodic": 12,
        "JRPG": 5,
        "Clicker": 2054,