{
    "Genres": {
        "Action": 9018.910000000005,
        "Indie": 1304.299999999999,
        "Racing": 868.7699999999999,
        "Sports": 1074.3999999999999,
        "Adventure": 1258.2699999999993,
        "Simulation": 676.5500000000001,
        "Strategy": 419.3300000000001,
        "Free to Play": 378.61,
        "RPG": 653.74,
        "Casual": 422.4000000000001,
        "Massively Multiplayer": 259.43,
        "Early Access": 8.5,
        "Animation & Modeling": 1.6,
        "Design & Illustration": 1.6,
        "Photo Editing": 1.57,
        "Utilities": 1.6,
        "Education": 0.03,
        "Software Training": 0.03,
        "Web Publishing": 0.03,
        "Game Development": 0.03
    },
    "Tags": {
        "Action": 9495.020000000006,
        "FPS": 6924.3200000000015,
        "Multiplayer": 9651.650000000007,
        "Shooter": 7567.720000000001,
        "Classic": 5540.4,
        "Team-Based": 7206.27,
        "First-Person": 8012.4,
        "Competitive": 7346.490000000001,
        "Tactical": 6910.010000000001,
        "1990's": 5509.62,
        "e-sports": 6383.47,
        "PvP": 6736.67,
        "Old School": 5508.8,
        "Military": 6361.000000000001,
        "Strategy": 6942.780000000002,
        "Survival": 6251.799999999997,
        "Score Attack": 5507.7,
        "1980s": 5508.62,
        "Assassin": 5509.8,
        "Nostalgia": 5509.62,
        "Football (Soccer)": 936.9,
        "Sports": 1178.3,
        "Racing": 1428.6699999999998,
        "Online Co-Op": 2879.569999999999,
        "Football (American)": 636.8,
        "Fast-Paced": 795.8399999999999,
        "Co-op": 3470.3399999999983,
        "Funny": 1791.2899999999993,
        "Great Soundtrack": 1578.08,
        "Local Multiplayer": 1060.8999999999999,
        "Split Screen": 858.1999999999999,
        "Local Co-Op": 1063.9,
        "Singleplayer": 3063.6499999999983,
        "4 Player Local": 720.5999999999999,
        "Casual": 1386.5599999999995,
        "Indie": 1578.0499999999995,
        "Open World": 1611.0200000000002,
        "Crime": 675.4000000000001,
        "Automobile Sim": 682.6700000000001,
        "Third Person": 1011.1500000000001,
        "Mature": 562.95,
        "Adventure": 1629.99,
        "Third-Person Shooter": 799.8000000000001,
        "Sandbox": 1155.6,
        "Atmospheric": 1454.87,
        "Comedy": 985.6500000000002,
        "Moddable": 1193.7,
        "Hero Shooter": 741.1200000000001,
        "War": 872.0799999999999,
        "Realistic": 1316.4299999999998,
        "Destruction": 550.3000000000001,
        "Difficult": 722.3300000000002,
        "3D": 923.0400000000001,
        "Controller": 724.5200000000001,
        "PvE": 472.40000000000003,
        "Simulation": 1572.7499999999995,
        "Family Friendly": 549.0200000000001,
        "Early Access": 513.9200000000001,
        "Turn-Based Strategy": 230.67,
        "Historical": 439.94999999999993,
        "Grand Strategy": 232.9,
        "Turn-Based": 230.75,
        "4X": 232.9,
        "City Builder": 251.2,
        "Building": 483.0299999999999,
        "Management": 350.34000000000003,
        "Hex Grid": 229.6,
        "Free to Play": 332.14000000000004,
        "Class-Based": 191.39999999999998,
        "Cartoony": 222.15,
        "Trading": 185.1,
        "Robots": 215.29999999999998,
        "Cartoon": 185.1,
        "Crafting": 425.5,
        "Medieval": 196.4,
        "RPG": 562.7500000000001,
        "Horses": 180.2,
        "Hack and Slash": 194.4,
        "Fantasy": 193.27,
        "Arcade": 286.26,
        "Shoot 'Em Up": 152.77000000000004,
        "Beautiful": 152.27,
        "2D": 458.05,
        "Colorful": 222.42999999999998,
        "Sci-fi": 321.34999999999997,
        "Space Sim": 151.5,
        "Aliens": 169.0,
        "Space": 182.11000000000004,
        "Flight": 151.5,
        "Open World Survival Craft": 181.1,
        "Pixel Graphics": 148.42000000000002,
        "Exploration": 395.78000000000003,
        "Replay Value": 173.48999999999998,
        "Platformer": 177.68,
        "Battle Royale": 132.20000000000002,
        "Stealth": 335.46999999999997,
        "Motorbike": 119.89999999999999,
        "Bikes": 117.3,
        "Driving": 224.47,
        "Transportation": 113.05,
        "Relaxing": 120.45,
        "Immersive Sim": 124.8,
        "Economy": 119.25,
        "Mystery": 115.8,
        "Social Deduction": 123.2,
        "Werewolves": 112.2,
        "Massively Multiplayer": 401.25,
        "Memes": 130.72,
        "Party-Based RPG": 112.2,
        "Strategy RPG": 112.2,
        "2.5D": 113.57,
        "Heist": 111.25,
        "Looter Shooter": 188.29999999999998,
        "Gun Customization": 109.95,
        "Character Customization": 179.23999999999998,
        "Combat Racing": 103.9,
        "Anime": 106.12,
        "Immersive": 103.9,
        "Music": 104.82000000000001,
        "Post-apocalyptic": 219.14,
        "Horror": 187.28999999999996,
        "Survival Horror": 175.33999999999997,
        "Choose Your Own Adventure": 101.4,
        "Zombies": 269.45,
        "Futuristic": 89.60000000000001,
        "Mod": 84.1,
        "Action-Adventure": 75.11999999999999,
        "America": 74.75,
        "Story Rich": 169.78,
        "Hunting": 69.0,
        "Nature": 69.0,
        "Psychedelic": 67.82,
        "Board Game": 55.83,
        "Party Game": 66.1,
        "Minigames": 68.6,
        "Party": 55.1,
        "Tabletop": 55.83,
        "Gore": 142.16999999999993,
        "Loot": 57.400000000000006,
        "Physics": 30.790000000000003,
        "RTS": 26.12,
        "Base-Building": 20.13,
        "Resource Management": 23.020000000000003,
        "Real-Time": 15.4,
        "Real-Time with Pause": 15.4,
        "Level Editor": 28.450000000000003,
        "Cats": 15.0,
        "Side Scroller": 16.02,
        "2D Platformer": 26.9,
        "Puzzle-Platformer": 17.12,
        "Narration": 20.4,
        "Puzzle": 27.079999999999995,
        "Female Protagonist": 23.919999999999998,
        "Action RPG": 27.07,
        "Beat 'em up": 14.450000000000001,
        "Cute": 18.77,
        "Fighting": 14.17,
        "2D Fighter": 11.9,
        "Combat": 19.62,
        "Psychological": 11.0,
        "Top-Down": 13.02,
        "Mini Golf": 10.1,
        "Golf": 10.1,
        "VR": 15.7,
        "Based On A Novel": 12.399999999999999,
        "Nudity": 9.7,
        "Remake": 9.7,
        "Violent": 23.84,
        "Walking Simulator": 17.18,
        "Illuminati": 8.32,
        "Parkour": 15.5,
        "Quick-Time Events": 7.3,
        "Modern": 6.8,
        "Psychological Horror": 9.52,
        "Procedural Generation": 6.62,
        "Time Management": 7.92,
        "Dungeon Crawler": 6.5,
        "Perma Death": 6.5,
        "Political": 6.2,
        "Politics": 6.2,
        "Choices Matter": 6.2,
        "Multiple Endings": 8.3,
        "Dark Humor": 8.4,
        "Western": 5.4,
        "Bullet Time": 9.600000000000001,
        "Dynamic Narration": 5.4,
        "Alternate History": 5.4,
        "Dark Comedy": 4.2,
        "Dinosaurs": 3.9,
        "Dragons": 3.9,
        "Farming Sim": 3.4,
        "Life Sim": 5.4,
        "Agriculture": 5.4,
        "Dating Sim": 3.4,
        "Fishing": 3.4,
        "Epic": 3.3,
        "Games Workshop": 3.1,
        "Lore-Rich": 3.1,
        "Ninja": 3.75,
        "Superhero": 4.42,
        "Retro": 5.72,
        "Co-op Campaign": 2.9000000000000004,
        "Cinematic": 2.6,
        "Education": 2.53,
        "Dark": 5.52,
        "Emotional": 2.4,
        "Dark Fantasy": 2.4,
        "Satire": 2.2,
        "Steampunk": 3.12,
        "Magic": 2.1,
        "Dystopian ": 3.25,
        "Minimalist": 2.88,
        "Utilities": 1.6,
        "Software": 1.57,
        "Design & Illustration": 1.6,
        "Animation & Modeling": 1.6,
        "NSFW": 1.57,
        "Photo Editing": 1.57,
        "Game Development": 1.6,
        "Gaming": 1.57,
        "Short": 2.7,
        "Drama": 1.48,
        "Thriller": 2.5,