{
    "Genres": {
        "Action": 6625.049999999999,
        "Indie": 463.48999999999995,
        "Racing": 291.50000000000006,
        "Sports": 958.02,
        "Simulation": 819.1299999999997,
        "Adventure": 302.34,
        "Massively Multiplayer": 204.86,
        "Free to Play": 197.52000000000004,
        "RPG": 205.70000000000002,
        "Strategy": 259.03,
        "Casual": 66.16000000000001,
        "Early Access": 5.130000000000001,
        "Utilities": 1.57
    },
    "Tags": {
        "Action": 127919,
        "FPS": 60541,
        "Multiplayer": 147930,
        "Shooter": 98719,
        "Classic": 3084,
        "Team-Based": 60530,
        "First-Person": 41621,
        "Competitive": 19076,
        "Tactical": 74697,
        "1990's": 1231,
        "e-sports": 13145,
        "PvP": 83901,
        "Old School": 807,
        "Military": 50120,
        "Strategy": 26950,
        "Survival": 30002,
        "Score Attack": 296,
        "1980s": 276,
        "Assassin": 2559,
        "Nostalgia": 180,
        "Football (Soccer)": 6505,
        "Sports": 8280,
        "Racing": 4449,
        "Online Co-Op": 86896,
        "Football (American)": 2786,
        "Fast-Paced": 2203,
        "Co-op": 75624,
        "Funny": 18737,
        "Great Soundtrack": 17024,
        "Local Multiplayer": 4476,
        "Split Screen": 1664,
        "Local Co-Op": 5890,
        "Singleplayer": 52331,
        "4 Player Local": 2355,
        "Casual": 21971,
        "Indie": 20383,
        "Controller": 3195,
        "Management": 6649,
        "Simulation": 69694,
        "Realistic": 56577,
        "Third Person": 18650,
        "Immersive Sim": 2267,
        "PvE": 35753,
        "Free to Play": 84494,
        "NSFW": 30,
        "Battle Royale": 14608,
        "Third-Person Shooter": 44514,
        "Early Access": 5948,
        "Difficult": 6365,
        "Stealth": 17707,
        "Basketball": 1483,
        "Gambling": 296,
        "Walking Simulator": 763,
        "Medieval": 14309,
        "Open World": 52713,
        "RPG": 35013,
        "War": 47286,
        "Sandbox": 37634,
        "Character Customization": 8193,
        "Moddable": 26597,
        "Adventure": 29943,
        "Horses": 2380,
        "Historical": 55506,
        "Extraction Shooter": 2517,
        "Atmospheric": 19852,
        "Perma Death": 2268,
        "Western": 4495,
        "Horror": 7732,
        "Survival Horror": 5122,
        "Gore": 9665,
        "Zombies": 22996,
        "3D": 4965,
        "Trading": 620,
        "Deckbuilding": 147,
        "Hero Shooter": 8839,
        "Destruction": 5416,
        "RTS": 1842,
        "Base-Building": 4309,
        "Resource Management": 3137,
        "City Builder": 8070,
        "Action RTS": 146,
        "Isometric": 617,
        "Mature": 8649,
        "Real Time Tactics": 1089,
        "Economy": 3309,
        "Text-Based": 84,
        "2D": 4894,
        "Magic": 12124,
        "Fantasy": 19524,
        "Exploration": 12334,
        "Story Rich": 19904,
        "Action-Adventure": 2201,
        "Action RPG": 9157,
        "Combat": 2468,
        "Choices Matter": 6884,
        "Puzzle": 1256,
        "Dark": 2992,
        "Family Friendly": 2316,
        "Nudity": 6005,
        "Multiple Endings": 3851,
        "Dark Fantasy": 4367,
        "Hunting": 2127,
        "Crafting": 7568,
        "Wrestling": 72,
        "Fighting": 138,
        "Violent": 1531,
        "Sexual Content": 146,
        "Memes": 224,
        "Card Game": 2328,
        "Tabletop": 1600,
        "Board Game": 1853,
        "Cult Classic": 97,
        "Replay Value": 3441,
        "Party Game": 1163,
        "Beautiful": 1532,
        "Massively Multiplayer": 62259,
        "MOBA": 470,
        "Physics": 14850,
        "Building": 26155,
        "Comedy": 13590,
        "Colony Sim": 1236,
        "Tower Defense": 1176,
        "Cinematic": 219,
        "America": 985,
        "Mini Golf": 257,
        "Golf": 230,
        "Level Editor": 114,
        "VR": 441,
        "Open World Survival Craft": 3637,
        "Underwater": 664,
        "Swordplay": 431,
        "Hack and Slash": 2012,
        "Wargame": 591,
        "3D Fighter": 106,
        "Relaxing": 6771,
        "Nature": 1516,
        "Driving": 341,
        "Combat Racing": 178,
        "Arcade": 165,
        "Superhero": 692,
        "Parkour": 3266,
        "Comic Book": 298,
        "Sci-fi": 1109,
        "Episodic": 294,
        "Point & Click": 185,
        "Choose Your Own Adventure": 113,
        "Interactive Fiction": 110,
        "Based On A Novel": 422,
        "Female Protagonist": 375,
        "Dragons": 4849,
        "Turn-Based": 1743,
        "Spaceships": 131,
        "Hex Grid": 505,
        "4X": 1236,
        "Turn-Based Tactics": 111,
        "Turn-Based Strategy": 2719,
        "Turn-Based Combat": 100,
        "Space": 1305,
        "Futuristic": 456,
        "LEGO": 451,
        "Platformer": 72,
        "Dwarf": 47,
        "Farming Sim": 7065,
        "Pixel Graphics": 7135,
        "Life Sim": 6624,
        "Agriculture": 5001,
        "Cute": 3258,
        "Dating Sim": 2427,
        "Fishing": 2072,
        "Trading Card Game": 1270,
        "Lore-Rich": 2857,
        "Epic": 1539,
        "Post-apocalyptic": 2863,
        "Grand Strategy": 5517,
        "Cooking": 356,
        "Rogue-lite": 343,
        "Rogue-like": 306,
        "Procedural Generation": 251,
        "Action Roguelike": 211,
        "Top-Down": 831,
        "Vikings": 113,
        "World War II": 64515,
        "Naval Combat": 93845,
        "Naval": 66096,
        "Beat 'em up": 174,
        "Minigames": 923,
        "Party": 216,
        "Colorful": 835,
        "Social Deduction": 1258,
        "Psychological": 837,
        "Cartoony": 736,
        "Aliens": 646,
        "Mod": 1292,
        "Modern": 644,
        "Real-Time with Pause": 1134,
        "Utilities": 129,
        "Software": 14,
        "Clicker": 158,
        "MMORPG": 188,
        "Dark Humor": 56,
        "Steampunk": 189,
        "Capitalism": 149,
        "Logic": 116,
        "Grid-Based Movement": 114,
        "Gun Customization": 365,
        "Class-Based": 364,
        "Voxel": 345,
        "Hacking": 2286,
        "Illuminati": 2218,
        "Crime": 1262,
        "Anime": 978,
        "Psychological Horror": 42,
        "Sniper": 969,
        "Musou": 301,
        "JRPG": 60,
        "Spectacle fighter": 47,
        "Motorbike": 42,
        "Bikes": 39,
        "Political Sim": 1633,
        "Politics": 611,
        "Diplomacy": 573,
        "Political": 377
    },