{
    "Genres": {
        "Action": 6625.049999999999,
        "Indie": 463.48999999999995,
        "Racing": 291.50000000000006,
        "Sports": 958.02,
        "Simulation": 819.1299999999997,
        "Adventure": 302.34,
        "Massively Multiplayer": 204.86,
        "Free to Play": 197.52000000000004,
        "RPG": 205.70000000000002,
        "Strategy": 259.03,
        "Casual": 66.16000000000001,
        "Early Access": 5.130000000000001,
        "Utilities": 1.57
    },
    "Tags": {
        "Action": 6740.380000000001,
        "FPS": 6158.159999999999,
        "Multiplayer": 7371.209999999999,
        "Shooter": 6156.259999999999,
        "Classic": 5738.33,
        "Team-Based": 6776.099999999999,
        "First-Person": 6219.97,
        "Competitive": 6420.67,
        "Tactical": 6101.42,
        "1990's": 5718.8,
        "e-sports": 6276.870000000001,
        "PvP": 6505.06,
        "Old School": 5718.8,
        "Military": 5819.43,
        "Strategy": 6317.100000000001,
        "Survival": 6117.54,
        "Score Attack": 5718.8,
        "1980s": 5718.8,
        "Assassin": 5729.88,
        "Nostalgia": 5718.8,
        "Football (Soccer)": 620.1999999999999,
        "Sports": 958.02,
        "Racing": 291.50000000000006,
        "Online Co-Op": 1195.9799999999993,
        "Football (American)": 293.90000000000003,
        "Fast-Paced": 284.8,
        "Co-op": 1205.4599999999994,
        "Funny": 373.49999999999994,
        "Great Soundtrack": 677.87,
        "Local Multiplayer": 860.0299999999999,
        "Split Screen": 297.40000000000003,
        "Local Co-Op": 726.1499999999999,
        "Singleplayer": 1362.0299999999988,
        "4 Player Local": 414.67,
        "Casual": 369.36999999999983,
        "Indie": 339.0199999999999,
        "Controller": 459.64000000000004,
        "Management": 514.48,
        "Simulation": 1055.7999999999995,
        "Realistic": 790.4599999999997,
        "Third Person": 702.71,
        "Immersive Sim": 331.3,
        "PvE": 320.0,
        "Free to Play": 312.10999999999996,
        "NSFW": 264.0,
        "Battle Royale": 279.27,
        "Third-Person Shooter": 216.69000000000003,
        "Early Access": 342.0,
        "Difficult": 359.9,
        "Stealth": 228.44,
        "Basketball": 288.09999999999997,
        "Gambling": 210.6,
        "Walking Simulator": 142.9,
        "Medieval": 231.00000000000003,
        "Open World": 475.48999999999995,
        "RPG": 261.6899999999999,
        "War": 287.6400000000001,
        "Sandbox": 294.40999999999997,
        "Character Customization": 319.11,
        "Moddable": 177.83,
        "Adventure": 282.76999999999987,
        "Horses": 143.98,
        "Historical": 208.33000000000004,
        "Extraction Shooter": 86.4,
        "Atmospheric": 299.8800000000001,
        "Perma Death": 86.4,
        "Western": 102.30000000000001,
        "Horror": 90.17,
        "Survival Horror": 90.10000000000001,
        "Gore": 148.39000000000004,
        "Zombies": 93.27000000000001,
        "3D": 343.41,
        "Trading": 125.5,
        "Deckbuilding": 74.5,
        "Hero Shooter": 63.8,
        "Destruction": 71.13,
        "RTS": 61.45,
        "Base-Building": 77.12,
        "Resource Management": 65.16000000000001,
        "City Builder": 67.98,
        "Action RTS": 43.2,
        "Isometric": 60.900000000000006,
        "Mature": 91.32000000000001,
        "Real Time Tactics": 89.1,
        "Economy": 60.940000000000005,
        "Text-Based": 71.39999999999999,
        "2D": 96.7,
        "Magic": 63.720000000000006,
        "Fantasy": 81.17,
        "Exploration": 76.92,
        "Story Rich": 123.14999999999999,
        "Action-Adventure": 43.120000000000005,
        "Action RPG": 92.52000000000001,
        "Combat": 49.85,
        "Choices Matter": 61.900000000000006,
        "Puzzle": 42.4,
        "Dark": 55.800000000000004,
        "Family Friendly": 67.24000000000001,
        "Nudity": 36.5,
        "Multiple Endings": 23.6,
        "Dark Fantasy": 27.42,
        "Hunting": 29.1,
        "Crafting": 41.47,
        "Wrestling": 18.0,
        "Fighting": 18.4,
        "Violent": 39.120000000000005,
        "Sexual Content": 20.5,
        "Memes": 27.369999999999997,
        "Card Game": 22.169999999999998,
        "Tabletop": 23.95,
        "Board Game": 24.05,
        "Cult Classic": 17.23,
        "Replay Value": 21.63,
        "Party Game": 19.65,
        "Beautiful": 24.32,
        "Massively Multiplayer": 38.04,
        "MOBA": 13.8,
        "Physics": 24.3,
        "Building": 57.18,
        "Comedy": 36.300000000000004,
        "Colony Sim": 17.720000000000002,
        "Tower Defense": 17.720000000000002,
        "Cinematic": 8.8,
        "America": 16.3,
        "Mini Golf": 8.719999999999999,
        "Golf": 8.719999999999999,
        "Level Editor": 8.7,
        "VR": 13.899999999999999,
        "Open World Survival Craft": 8.5,
        "Underwater": 8.5,
        "Swordplay": 8.5,
        "Hack and Slash": 12.72,
        "Wargame": 13.7,
        "3D Fighter": 8.5,
        "Relaxing": 15.18,
        "Nature": 9.28,
        "Driving": 6.6,
        "Combat Racing": 6.6,
        "Arcade": 6.6,
        "Superhero": 8.42,
        "Parkour": 13.399999999999999,
        "Comic Book": 8.42,
        "Sci-fi": 17.14,
        "Episodic": 6.1,
        "Point & Click": 6.1,
        "Choose Your Own Adventure": 6.1,
        "Interactive Fiction": 6.1,
        "Based On A Novel": 9.399999999999999,
        "Female Protagonist": 9.58,
        "Dragons": 10.1,
        "Turn-Based": 10.469999999999999,
        "Spaceships": 6.1,
        "Hex Grid": 9.7,
        "4X": 9.7,
        "Turn-Based Tactics": 6.1,
        "Turn-Based Strategy": 10.479999999999999,
        "Turn-Based Combat": 6.1,
        "Space": 7.779999999999999,
        "Futuristic": 7.04,
        "LEGO": 5.9,
        "Platformer": 5.9,
        "Dwarf": 5.9,
        "Farming Sim": 5.9,
        "Pixel Graphics": 5.92,
        "Life Sim": 5.9,
        "Agriculture": 5.9,
        "Cute": 10.979999999999999,
        "Dating Sim": 5.9,
        "Fishing": 5.9,
        "Trading Card Game": 5.97,
        "Lore-Rich": 7.3,
        "Epic": 4.0,
        "Post-apocalyptic": 3.7,
        "Grand Strategy": 3.65,
        "Cooking": 3.3,
        "Rogue-lite": 3.3,
        "Rogue-like": 3.3,
        "Procedural Generation": 3.3,
        "Action Roguelike": 3.3,
        "Top-Down": 4.9799999999999995,
        "Vikings": 2.5,
        "World War II": 5.72,
        "Naval Combat": 2.3,
        "Naval": 2.3,
        "Beat 'em up": 2.22,
        "Minigames": 3.45,
        "Party": 1.77,
        "Colorful": 4.23,
        "Social Deduction": 1.68,
        "Psychological": 1.68,
        "Cartoony": 1.68,
        "Aliens": 1.68,
        "Mod": 2.55,
        "Modern": 1.68,
        "Real-Time with Pause": 1.73,
        "Utilities": 1.57,
        "Software": 1.57,
        "Clicker": 1.03,
        "MMORPG": 1.7000000000000002,
        "Dark Humor": 1.03,
        "Steampunk": 0.98,
        "Capitalism": 0.78,
        "Logic": 0.78,
        "Grid-Based Movement": 0.78,
        "Gun Customization": 0.73,
        "Class-Based": 0.73,
        "Voxel": 0.73,
        "Hacking": 0.7,
        "Illuminati": 0.7,
        "Crime": 0.7,
        "Anime": 0.67,
        "Psychological Horror": 0.67,
        "Sniper": 0.62,
        "Musou": 0.4,
        "JRPG": 0.4,
        "Spectacle fighter": 0.4,
        "Motorbike": 0.1,
        "Bikes": 0.1,
        "Political Sim": 0.05,
        "Politics": 0.05,
        "Diplomacy": 0.05,
        "Political": 0.05
    },