{
    "Genres": {
        "Action": 7639.000000000001,
        "Adventure": 2707.1499999999996,
        "Massively Multiplayer": 1084.6699999999998,
        "Free to Play": 483.01000000000005,
        "Simulation": 959.1899999999999,
        "Strategy": 445.6400000000001,
        "Casual": 477.7000000000001,
        "Indie": 712.79,
        "RPG": 898.6899999999999,
        "Racing": 121.36,
        "Sports": 229.19,
        "Early Access": 150.26999999999998,
        "Animation & Modeling": 3.0,
        "Design & Illustration": 3.0,
        "Photo Editing": 3.0,
        "Utilities": 3.0
    },
    "Tags": {
        "Action": 207343,
        "FPS": 91161,
        "Multiplayer": 190140,
        "Shooter": 143200,
        "Classic": 6939,
        "Team-Based": 58496,
        "First-Person": 98869,
        "Competitive": 12902,
        "Tactical": 79292,
        "1990's": 3246,
        "e-sports": 10242,
        "PvP": 92426,
        "Old School": 1486,
        "Military": 62706,
        "Strategy": 22530,
        "Survival": 71172,
        "Score Attack": 727,
        "1980s": 276,
        "Assassin": 1964,
        "Nostalgia": 191,
        "Online Co-Op": 104616,
        "Open World": 128804,
        "Post-apocalyptic": 13437,
        "Massively Multiplayer": 74952,
        "Horror": 28553,
        "Simulation": 88666,
        "Survival Horror": 19508,
        "Sandbox": 79326,
        "Adventure": 91016,
        "Co-op": 111205,
        "Atmospheric": 61293,
        "Choose Your Own Adventure": 10680,
        "Zombies": 13892,
        "Hero Shooter": 9098,
        "War": 50931,
        "Realistic": 65902,
        "Destruction": 7304,
        "Difficult": 13114,
        "3D": 5128,
        "Battle Royale": 14181,
        "Third-Person Shooter": 64016,
        "Early Access": 7825,
        "Third Person": 42142,
        "Stealth": 17733,
        "Singleplayer": 88708,
        "Moddable": 34806,
        "Combat": 11614,
        "Crime": 24945,
        "Automobile Sim": 19532,
        "Mature": 29646,
        "Racing": 13452,
        "Funny": 34472,
        "Great Soundtrack": 29876,
        "Comedy": 29677,
        "Futuristic": 5192,
        "Vehicular Combat": 5499,
        "Modern": 4176,
        "Physics": 19346,
        "Cinematic": 1484,
        "Casual": 17290,
        "Open World Survival Craft": 38150,
        "2D": 17985,
        "Pixel Graphics": 15679,
        "Crafting": 25645,
        "Building": 37624,
        "Exploration": 37871,
        "Indie": 34135,
        "RPG": 50903,
        "Replay Value": 5301,
        "Platformer": 5791,
        "Fantasy": 17585,
        "Dragons": 7160,
        "Medieval": 8035,
        "Magic": 9130,
        "Story Rich": 33741,
        "Lore-Rich": 2451,
        "Character Customization": 8441,
        "Action RPG": 12848,
        "Epic": 1985,
        "Sports": 1750,
        "Motorbike": 110,
        "Bikes": 77,
        "Split Screen": 231,
        "Controller": 1361,
        "Pirates": 402,
        "Sailing": 368,
        "Naval Combat": 97768,
        "MMORPG": 277,
        "Base-Building": 5625,
        "PvE": 39510,
        "Historical": 52179,
        "Mythology": 1668,
        "Multiple Endings": 4758,
        "Female Protagonist": 5923,
        "Parkour": 1827,
        "Choices Matter": 6507,
        "Action-Adventure": 5940,
        "Space": 10026,
        "Spaceships": 415,
        "Flight": 5246,
        "6DOF": 388,
        "Sci-fi": 17184,
        "Looter Shooter": 13693,
        "Space Sim": 4004,
        "Arcade": 1079,
        "Hunting": 3431,
        "Relaxing": 4213,
        "Nature": 1178,
        "America": 1121,
        "Walking Simulator": 1824,
        "Immersive Sim": 3219,
        "Farming Sim": 581,
        "Resource Management": 1057,
        "Agriculture": 245,
        "Underwater": 664,
        "Dark": 5343,
        "Puzzle": 6689,
        "Psychological Horror": 2585,
        "Puzzle-Platformer": 1996,
        "Side Scroller": 453,
        "2.5D": 177,
        "Surreal": 810,
        "Psychedelic": 140,
        "Mystery": 1630,
        "Steampunk": 2231,
        "Thriller": 858,
        "Colorful": 1027,
        "3D Fighter": 227,
        "3D Vision": 729,
        "Linear": 609,
        "Capitalism": 604,
        "Extraction Shooter": 2858,
        "Gore": 12811,
        "Violent": 6178,
        "Quick-Time Events": 1102,
        "Reboot": 361,
        "Free to Play": 84368,
        "MOBA": 470,
        "Comic Book": 36,
        "Heist": 7077,
        "Episodic": 332,
        "Card Game": 846,
        "Tabletop": 1337,
        "Board Game": 1123,
        "Family Friendly": 1591,
        "Cult Classic": 168,
        "Local Multiplayer": 362,
        "Party Game": 22,
        "Hack and Slash": 1032,
        "Emotional": 569,
        "Souls-like": 297,
        "Mini Golf": 424,
        "Golf": 405,
        "Level Editor": 114,
        "VR": 6317,
        "Memes": 3278,
        "Science": 2053,
        "Education": 1663,
        "Alternate History": 2647,
        "World War II": 68170,
        "Dystopian ": 1809,
        "Robots": 2125,
        "Point & Click": 653,
        "Retro": 2107,
        "Hand-drawn": 43,
        "Cartoon": 22,
        "Escape Room": 39,
        "Sexual Content": 747,
        "Tanks": 4157,
        "Cold War": 3736,
        "Sniper": 1719,
        "Bullet Time": 163,
        "Beautiful": 2636,
        "Time Travel": 480,
        "Immersive": 806,
        "Nudity": 11966,
        "Aliens": 2743,
        "Remake": 1001,
        "Blood": 1346,
        "Dark Humor": 3063,
        "Psychological": 26,
        "RTS": 1232,
        "City Builder": 689,
        "Real-Time": 405,
        "Real-Time with Pause": 165,
        "Cyberpunk": 8116,
        "NSFW": 868,
        "Clicker": 146,
        "Idler": 15,
        "TrackIR": 311,
        "Naval": 66115,
        "Cats": 1463,
        "Cute": 1787,
        "Loot": 9696,
        "Dark Fantasy": 3613,
        "Trading Card Game": 368,
        "Wargame": 1638,
        "Gun Customization": 4460,
        "Class-Based": 364,
        "Voxel": 377,
        "Local Co-Op": 786,
        "Driving": 837,
        "Offroad": 553,
        "Fast-Paced": 2060,
        "3D Platformer": 347,
        "Perma Death": 2268,
        "Western": 2210,
        "Utilities": 2349,
        "Software": 1876,
        "Anime": 2589,
        "Design & Illustration": 1421,
        "Animation & Modeling": 1480,
        "Photo Editing": 397,
        "Game Development": 258,
        "Gaming": 219,
        "Archery": 371,
        "Dinosaurs": 235,
        "Trading": 443,
        "Short": 372,
        "Minimalist": 218,
        "Kickstarter": 32,
        "Logic": 315,
        "Real Time Tactics": 55,
        "Swordplay": 553,
        "Fighting": 280,
        "Ninja": 275,
        "Silent Protagonist": 1849,
        "LEGO": 1328,
        "Demons": 1194,
        "Colony Sim": 168,
        "Management": 1023,
        "Economy": 18,
        "Dwarf": 47,
        "Medical Sim": 1126,
        "Intentionally Awkward Controls": 1113,
        "4 Player Local": 159,
        "Turn-Based Tactics": 263,
        "Rogue-lite": 257,
        "Mechs": 254,
        "Procedural Generation": 238,
        "Deckbuilding": 228,
        "Turn-Based Strategy": 376,
        "Turn-Based": 317,
        "Rogue-like": 185,
        "Turn-Based Combat": 174,
        "Isometric": 166,
        "Roguelike Deckbuilder": 158,
        "4X": 118,
        "Hex Grid": 58,
        "Supernatural": 286,
        "Narration": 231,
        "Shoot 'Em Up": 45,
        "Hidden Object": 79,
        "Soundtrack": 241,
        "Metroidvania": 31,
        "Motocross": 56,
        "Cooking": 241,
        "Dynamic Narration": 181,
        "Beat 'em up": 38
    },