{
    "Genres": {
        "Action": 7639.000000000001,
        "Adventure": 2707.1499999999996,
        "Massively Multiplayer": 1084.6699999999998,
        "Free to Play": 483.01000000000005,
        "Simulation": 959.1899999999999,
        "Strategy": 445.6400000000001,
        "Casual": 477.7000000000001,
        "Indie": 712.79,
        "RPG": 898.6899999999999,
        "Racing": 121.36,
        "Sports": 229.19,
        "Early Access": 150.26999999999998,
        "Animation & Modeling": 3.0,
        "Design & Illustration": 3.0,
        "Photo Editing": 3.0,
        "Utilities": 3.0
    },
    "Tags": {
        "Action": 8055.630000000001,
        "FPS": 6498.409999999998,
        "Multiplayer": 7727.620000000001,
        "Shooter": 7109.389999999999,
        "Classic": 4182.080000000001,
        "Team-Based": 5660.51,
        "First-Person": 7081.239999999999,
        "Competitive": 4956.3,
        "Tactical": 5374.7300000000005,
        "1990's": 4114.170000000001,
        "e-sports": 4528.9,
        "PvP": 6007.05,
        "Old School": 4127.030000000001,
        "Military": 5267.09,
        "Strategy": 5522.130000000003,
        "Survival": 5751.700000000001,
        "Score Attack": 4110.47,
        "1980s": 4106.5,
        "Assassin": 4199.0,
        "Nostalgia": 4107.13,
        "Online Co-Op": 2491.5299999999997,
        "Open World": 2670.9699999999993,
        "Post-apocalyptic": 514.5699999999999,
        "Massively Multiplayer": 730.2500000000001,
        "Horror": 599.0099999999999,
        "Simulation": 1888.77,
        "Survival Horror": 578.8799999999999,
        "Sandbox": 2247.4399999999996,
        "Adventure": 2626.76,
        "Co-op": 2937.1899999999996,
        "Atmospheric": 1845.84,
        "Choose Your Own Adventure": 598.4,
        "Zombies": 525.9799999999999,
        "Hero Shooter": 749.4,
        "War": 1202.6799999999998,
        "Realistic": 950.62,
        "Destruction": 820.5999999999999,
        "Difficult": 926.3199999999998,
        "3D": 606.1600000000001,
        "Battle Royale": 432.8,
        "Third-Person Shooter": 1351.3999999999996,
        "Early Access": 657.7699999999999,
        "Third Person": 1341.789999999999,
        "Stealth": 807.93,
        "Singleplayer": 2635.8,
        "Moddable": 1027.8899999999999,
        "Combat": 759.75,
        "Crime": 340.35,
        "Automobile Sim": 340.76,
        "Mature": 363.84999999999997,
        "Racing": 457.36,
        "Funny": 629.1799999999997,
        "Great Soundtrack": 740.5499999999997,
        "Comedy": 616.06,
        "Futuristic": 336.67,
        "Vehicular Combat": 352.09999999999997,
        "Modern": 344.16999999999996,
        "Physics": 518.3000000000001,
        "Cinematic": 359.90000000000003,
        "Casual": 529.7800000000001,
        "Open World Survival Craft": 433.5,
        "2D": 427.07000000000016,
        "Pixel Graphics": 385.27000000000004,
        "Crafting": 616.4200000000001,
        "Building": 528.42,
        "Exploration": 934.74,
        "Indie": 662.4900000000001,
        "RPG": 1127.4099999999996,
        "Replay Value": 361.1700000000001,
        "Platformer": 345.37,
        "Fantasy": 240.63,
        "Dragons": 190.3,
        "Medieval": 194.16,
        "Magic": 197.18,
        "Story Rich": 655.4599999999998,
        "Lore-Rich": 187.0,
        "Character Customization": 255.95000000000002,
        "Action RPG": 496.92999999999995,
        "Epic": 206.57,
        "Sports": 229.57,
        "Motorbike": 116.38,
        "Bikes": 116.38,
        "Split Screen": 119.57,
        "Controller": 192.92999999999998,
        "Pirates": 113.17,
        "Sailing": 113.0,
        "Naval Combat": 136.46999999999997,
        "MMORPG": 113.0,
        "Base-Building": 239.61999999999998,
        "PvE": 222.55,
        "Historical": 177.39999999999998,
        "Mythology": 111.80000000000001,
        "Multiple Endings": 94.4,
        "Female Protagonist": 180.35000000000005,
        "Parkour": 160.75,
        "Choices Matter": 160.89999999999998,
        "Action-Adventure": 358.23,
        "Space": 227.82,
        "Spaceships": 79.3,
        "Flight": 129.23,
        "6DOF": 79.3,
        "Sci-fi": 328.54999999999995,
        "Looter Shooter": 86.25,
        "Space Sim": 133.6,
        "Arcade": 112.78,
        "Hunting": 129.10000000000002,
        "Relaxing": 79.16000000000001,
        "Nature": 71.03,
        "America": 71.88000000000001,
        "Walking Simulator": 76.38,
        "Immersive Sim": 80.77,
        "Farming Sim": 60.6,
        "Resource Management": 72.42999999999999,
        "Agriculture": 60.6,
        "Underwater": 48.8,
        "Dark": 68.74999999999999,
        "Puzzle": 148.86999999999995,
        "Psychological Horror": 108.11,
        "Puzzle-Platformer": 49.300000000000004,
        "Side Scroller": 49.1,
        "2.5D": 47.0,
        "Surreal": 49.27,
        "Psychedelic": 47.23,
        "Mystery": 59.17,
        "Steampunk": 79.63,
        "Thriller": 47.3,
        "Colorful": 69.83,
        "3D Fighter": 32.3,
        "3D Vision": 63.480000000000004,
        "Linear": 49.599999999999994,
        "Capitalism": 39.53,
        "Extraction Shooter": 35.2,
        "Gore": 175.04000000000002,
        "Violent": 132.20000000000002,
        "Quick-Time Events": 40.5,
        "Reboot": 26.7,
        "Free to Play": 80.21000000000001,
        "MOBA": 26.6,
        "Comic Book": 25.1,
        "Heist": 25.650000000000002,
        "Episodic": 25.400000000000002,
        "Card Game": 30.220000000000002,
        "Tabletop": 30.200000000000003,
        "Board Game": 30.200000000000003,
        "Family Friendly": 57.46,
        "Cult Classic": 50.43000000000001,
        "Local Multiplayer": 45.480000000000004,
        "Party Game": 24.6,
        "Hack and Slash": 24.98,
        "Emotional": 23.200000000000003,
        "Souls-like": 23.1,
        "Mini Golf": 19.93,
        "Golf": 19.93,
        "Level Editor": 19.4,
        "VR": 69.15,
        "Memes": 37.26,
        "Science": 19.3,
        "Education": 20.48,
        "Alternate History": 48.45,
        "World War II": 78.57,
        "Dystopian ": 67.42999999999999,
        "Robots": 33.199999999999996,
        "Point & Click": 44.93,
        "Retro": 26.700000000000003,
        "Hand-drawn": 37.5,
        "Cartoon": 18.6,
        "Escape Room": 37.5,
        "Sexual Content": 31.9,
        "Tanks": 19.39,
        "Cold War": 17.94,
        "Sniper": 25.5,
        "Bullet Time": 15.4,
        "Beautiful": 24.530000000000005,
        "Time Travel": 13.5,
        "Immersive": 15.07,
        "Nudity": 47.35,
        "Aliens": 14.420000000000002,
        "Remake": 16.1,
        "Blood": 14.020000000000001,
        "Dark Humor": 34.07,
        "Psychological": 18.9,
        "RTS": 13.000000000000002,
        "City Builder": 11.83,
        "Real-Time": 12.32,
        "Real-Time with Pause": 11.2,
        "Cyberpunk": 21.150000000000002,
        "NSFW": 11.2,
        "Clicker": 7.2,
        "Idler": 7.2,
        "TrackIR": 13.7,
        "Naval": 6.77,
        "Cats": 6.6,
        "Cute": 9.82,
        "Loot": 6.4,
        "Dark Fantasy": 6.53,
        "Trading Card Game": 5.6,
        "Wargame": 8.29,
        "Gun Customization": 6.7299999999999995,
        "Class-Based": 5.0,
        "Voxel": 5.68,
        "Local Co-Op": 5.94,
        "Driving": 4.76,
        "Offroad": 4.4799999999999995,
        "Fast-Paced": 5.9,
        "3D Platformer": 4.88,
        "Perma Death": 3.4,
        "Western": 3.4,
        "Utilities": 3.0,
        "Software": 3.0,
        "Anime": 3.4200000000000004,
        "Design & Illustration": 3.0,
        "Animation & Modeling": 4.18,
        "Photo Editing": 3.0,
        "Game Development": 3.0,
        "Gaming": 3.0,
        "Archery": 2.8,
        "Dinosaurs": 2.8,
        "Trading": 2.7,
        "Short": 2.5300000000000002,
        "Minimalist": 2.1,
        "Kickstarter": 2.0,
        "Logic": 1.18,
        "Real Time Tactics": 1.12,