{
    "Genres": {
        "Action": 7524.9900000000025,
        "Adventure": 225.03,
        "Indie": 91.5,
        "RPG": 79.82,
        "Simulation": 106.41999999999999,
        "Strategy": 139.0,
        "Massively Multiplayer": 23.130000000000003,
        "Casual": 49.4,
        "Free to Play": 34.35,
        "Sports": 7.7,
        "Early Access": 16.599999999999998,
        "Utilities": 3.42
    },
    "Tags": {
        "Action": 145846,
        "FPS": 96445,
        "Multiplayer": 165201,
        "Shooter": 113021,
        "Classic": 2957,
        "Team-Based": 35059,
        "First-Person": 88764,
        "Competitive": 28612,
        "Tactical": 28490,
        "1990's": 1231,
        "e-sports": 21943,
        "PvP": 47412,
        "Old School": 807,
        "Military": 18117,
        "Strategy": 34508,
        "Survival": 62176,
        "Score Attack": 296,
        "1980s": 325,
        "Assassin": 815,
        "Nostalgia": 180,
        "Singleplayer": 67685,
        "War": 21121,
        "Co-op": 85512,
        "Online Co-Op": 65147,
        "Great Soundtrack": 17872,
        "Story Rich": 17031,
        "Atmospheric": 53430,
        "Adventure": 66959,
        "Controller": 1342,
        "Linear": 648,
        "Moddable": 26678,
        "Open World": 93301,
        "Crime": 19241,
        "Automobile Sim": 18585,
        "Third Person": 33816,
        "Mature": 23469,
        "Third-Person Shooter": 26377,
        "Racing": 11408,
        "Sandbox": 78512,
        "Funny": 33697,
        "Comedy": 28714,
        "Medieval": 8914,
        "RPG": 26167,
        "Character Customization": 3937,
        "Simulation": 41579,
        "Horses": 2192,
        "Realistic": 25251,
        "Historical": 2847,
        "Early Access": 4350,
        "Zombies": 27801,
        "Free to Play": 174970,
        "Massively Multiplayer": 31447,
        "Futuristic": 1155,
        "Casual": 30173,
        "Sci-fi": 1584,
        "Mod": 1292,
        "Western": 4495,
        "Beautiful": 1303,
        "Gore": 5438,
        "RTS": 5268,
        "Base-Building": 289,
        "Resource Management": 1653,
        "City Builder": 5227,
        "Action RTS": 146,
        "PvE": 102,
        "3D": 2783,
        "Isometric": 75,
        "Management": 2573,
        "Hero Shooter": 70024,
        "Destruction": 5178,
        "Difficult": 12982,
        "Post-apocalyptic": 26058,
        "Horror": 14424,
        "Survival Horror": 12949,
        "Choose Your Own Adventure": 10236,
        "Extraction Shooter": 2517,
        "Perma Death": 2616,
        "Battle Royale": 14181,
        "Combat": 7075,
        "Vehicular Combat": 5350,
        "Modern": 4588,
        "Physics": 15322,
        "Cinematic": 808,
        "Building": 27155,
        "Economy": 1779,
        "Replay Value": 9108,
        "Real-Time with Pause": 626,
        "Family Friendly": 1413,
        "Fantasy": 12199,
        "Nudity": 6753,
        "Choices Matter": 6029,
        "Multiple Endings": 4218,
        "Action RPG": 6812,
        "Magic": 4023,
        "Dark Fantasy": 4020,
        "Dark": 3356,
        "Dog": 82,
        "Point & Click": 85,
        "Card Game": 1558,
        "Tabletop": 1432,
        "Board Game": 1375,
        "Cult Classic": 49,
        "Local Multiplayer": 75,
        "Party Game": 22,
        "Indie": 36932,
        "Sports": 31,
        "VR": 4256,
        "Action-Adventure": 1029,
        "Souls-like": 989,
        "Swordplay": 1566,
        "Exploration": 18416,
        "Platformer": 4756,
        "Space": 790,
        "Fighting": 1274,
        "Metroidvania": 735,
        "Puzzle": 731,
        "Hack and Slash": 1542,
        "Stealth": 2825,
        "MOBA": 20445,
        "Tower Defense": 3712,
        "Alternate History": 264,
        "Violent": 1566,
        "World War II": 7559,
        "Dystopian ": 108,
        "Card Battler": 134,
        "Deckbuilding": 109,
        "Anime": 582,
        "Trading Card Game": 765,
        "Turn-Based": 1696,
        "Wargame": 333,
        "Utilities": 285,
        "Software": 14,
        "Memes": 97,
        "MMORPG": 21,
        "Psychological Horror": 671,
        "Turn-Based Strategy": 1042,
        "Turn-Based Tactics": 189,
        "Local Co-Op": 92,
        "Grand Strategy": 474,
        "Crafting": 28880,
        "Looter Shooter": 14894,
        "Clicker": 146,
        "Idler": 15,
        "Capitalism": 14,
        "Class-Based": 9922,
        "Cartoony": 7012,
        "Trading": 6748,
        "Robots": 4862,
        "Cartoon": 4254,
        "Action Roguelike": 2348,
        "Rogue-like": 2271,
        "Procedural Generation": 950,
        "Top-Down": 717,
        "Addictive": 641,
        "Rogue-lite": 481,
        "2D": 13312,
        "Dungeon Crawler": 403,
        "Bullet Hell": 381,
        "Pixel Graphics": 10965,
        "Top-Down Shooter": 54,
        "Retro": 44,
        "Blood": 239,
        "Sexual Content": 192,
        "Dark Humor": 1016,
        "Satire": 544,
        "Epic": 251,
        "JRPG": 83,
        "Thriller": 975,
        "Mystery": 525,
        "Episodic": 310,
        "Supernatural": 286,
        "Narration": 505,
        "Based On A Novel": 720,
        "Remake": 237,
        "Detective": 221,
        "Emotional": 196,
        "Investigation": 188,
        "Quick-Time Events": 186,
        "Interactive Fiction": 184,
        "Dynamic Narration": 170,
        "Real Time Tactics": 239,
        "Diplomacy": 180,
        "Ninja": 178,
        "Stylized": 90,
        "Open World Survival Craft": 15969,
        "Flight": 3809,
        "Tanks": 3681,
        "Naval Combat": 3599,
        "Cold War": 3528,
        "Parkour": 642,
        "Lore-Rich": 406,
        "3D Fighter": 538,
        "Martial Arts": 241
    },
    "OwnedGames": [
        "Counter-Strike 2",
        "Call of Duty: Modern Warfare 2 (2009) - Multiplayer",
        "Grand Theft Auto V",
        "Mount & Blade II: Bannerlord",
        "Call of Duty: Black Ops II - Multiplayer",
        "Red Dead Redemption 2",
        "Age of Empires IV: Anniversary Edition",
        "Tom Clancy's Rainbow Six Siege",
        "DayZ",
        "Hunt: Showdown",
        "Battlefield\u2122 2042",
        "Arma 3",
        "Call of Duty: Modern Warfare 2 (2009)",
        "Cities: Skylines",
        "The Witcher 3: Wild Hunt",
        "Call of Duty\u00ae: Modern Warfare\u00ae 3 (2011) - Multiplayer",
        "UNO",
        "Rust",
        "STAR WARS Jedi: Fallen Order\u2122",
        "Aimlabs",
        "PUBG: BATTLEGROUNDS",
        "Dota 2",
        "Wolfenstein II: The New Colossus German Edition",
        "Yu-Gi-Oh! Legacy of the Duelist",
        "Tabletop Simulator",
        "Easy eSports",
        "Yu-Gi-Oh!  Master Duel",
        "RISK: Global Domination",
        "Unturned",
        "Garry's Mod",
        "AdVenture Communist",
        "Team Fortress 2",
        "The Binding of Isaac",
        "Fall Guys",
        "South Park\u2122: The Stick of Truth\u2122",
        "Alan Wake",
        "Metro: Last Light Redux",
        "Heavy Rain",
        "Total War: SHOGUN 2",
        "Call of Duty: Black Ops II",
        "Terraria",
        "Ring of Elysium",
        "Call of Duty: Black Ops II - Zombies",
        "Heroes & Generals",
        "Call of Duty\u00ae: Modern Warfare\u00ae 3 (2011)",
        "War Thunder",
        "Chivalry: Medieval Warfare",
        "ESEA",
        "Middle-earth\u2122: Shadow of Mordor\u2122",
        "Toribash"
    ]
}