{
    "Genres": {
        "Action": 7524.9900000000025,
        "Adventure": 225.03,
        "Indie": 91.5,
        "RPG": 79.82,
        "Simulation": 106.41999999999999,
        "Strategy": 139.0,
        "Massively Multiplayer": 23.130000000000003,
        "Casual": 49.4,
        "Free to Play": 34.35,
        "Sports": 7.7,
        "Early Access": 16.599999999999998,
        "Utilities": 3.42
    },
    "Tags": {
        "Action": 7564.880000000004,
        "FPS": 7360.450000000001,
        "Multiplayer": 7567.330000000002,
        "Shooter": 7447.940000000001,
        "Classic": 6842.0,
        "Team-Based": 6914.800000000001,
        "First-Person": 7493.950000000001,
        "Competitive": 6875.700000000001,
        "Tactical": 7224.2300000000005,
        "1990's": 6831.2,
        "e-sports": 6859.42,
        "PvP": 7276.41,
        "Old School": 6831.2,
        "Military": 7219.89,
        "Strategy": 7340.120000000001,
        "Survival": 6873.3200000000015,
        "Score Attack": 6831.2,
        "1980s": 6833.17,
        "Assassin": 6831.22,
        "Nostalgia": 6831.2,
        "Singleplayer": 695.63,
        "War": 479.89,
        "Co-op": 601.7499999999999,
        "Online Co-Op": 519.54,
        "Great Soundtrack": 552.8,
        "Story Rich": 408.34000000000003,
        "Atmospheric": 515.2299999999999,
        "Adventure": 652.56,
        "Controller": 345.66,
        "Linear": 342.57,
        "Moddable": 508.42,
        "Open World": 282.42,
        "Crime": 84.83,
        "Automobile Sim": 83.7,
        "Third Person": 208.30000000000004,
        "Mature": 160.89,
        "Third-Person Shooter": 143.43,
        "Racing": 83.7,
        "Sandbox": 242.79000000000002,
        "Funny": 115.38999999999999,
        "Comedy": 95.07,
        "Medieval": 99.48,
        "RPG": 95.73999999999998,
        "Character Customization": 67.3,
        "Simulation": 138.2,
        "Horses": 99.1,
        "Realistic": 144.82,
        "Historical": 89.16000000000001,
        "Early Access": 84.91000000000001,
        "Zombies": 97.14,
        "Free to Play": 82.95,
        "Massively Multiplayer": 88.41999999999999,
        "Futuristic": 65.82,
        "Casual": 130.07,
        "Sci-fi": 65.09,
        "Mod": 62.6,
        "Western": 52.8,
        "Beautiful": 37.9,
        "Gore": 58.150000000000006,
        "RTS": 33.98,
        "Base-Building": 26.7,
        "Resource Management": 37.8,
        "City Builder": 37.8,
        "Action RTS": 26.7,
        "PvE": 26.7,
        "3D": 49.43,
        "Isometric": 26.7,
        "Management": 37.8,
        "Hero Shooter": 34.0,
        "Destruction": 31.9,
        "Difficult": 49.27,
        "Post-apocalyptic": 19.67,
        "Horror": 34.67000000000001,
        "Survival Horror": 33.550000000000004,
        "Choose Your Own Adventure": 15.8,
        "Extraction Shooter": 14.9,
        "Perma Death": 16.9,
        "Battle Royale": 21.73,
        "Combat": 26.519999999999996,
        "Vehicular Combat": 13.42,
        "Modern": 24.519999999999996,
        "Physics": 19.32,
        "Cinematic": 16.009999999999998,
        "Building": 14.25,
        "Economy": 11.1,
        "Replay Value": 27.750000000000004,
        "Real-Time with Pause": 11.1,
        "Family Friendly": 28.1,
        "Fantasy": 29.889999999999997,
        "Nudity": 21.539999999999996,
        "Choices Matter": 11.73,
        "Multiple Endings": 11.73,
        "Action RPG": 16.72,
        "Magic": 10.62,
        "Dark Fantasy": 10.62,
        "Dark": 14.28,
        "Dog": 10.27,
        "Point & Click": 12.67,
        "Card Game": 19.3,
        "Tabletop": 14.3,
        "Board Game": 14.3,
        "Cult Classic": 8.0,
        "Local Multiplayer": 10.8,
        "Party Game": 8.0,
        "Indie": 33.1,
        "Sports": 7.7,
        "VR": 17.919999999999998,
        "Action-Adventure": 6.6,
        "Souls-like": 6.6,
        "Swordplay": 6.68,
        "Exploration": 9.75,
        "Platformer": 7.1499999999999995,
        "Space": 6.6,
        "Fighting": 6.619999999999999,
        "Metroidvania": 6.6,
        "Puzzle": 6.6,
        "Hack and Slash": 6.699999999999999,
        "Stealth": 12.19,
        "MOBA": 6.63,
        "Tower Defense": 6.1,
        "Alternate History": 4.7,
        "Violent": 8.41,
        "World War II": 5.2,
        "Dystopian ": 4.7,
        "Card Battler": 4.6,
        "Deckbuilding": 4.6,
        "Anime": 7.8,
        "Trading Card Game": 11.3,
        "Turn-Based": 13.49,
        "Wargame": 3.5,
        "Utilities": 3.42,
        "Software": 3.4,
        "Memes": 5.6,
        "MMORPG": 3.2,
        "Psychological Horror": 10.08,
        "Turn-Based Strategy": 5.6899999999999995,
        "Turn-Based Tactics": 3.6999999999999997,
        "Local Co-Op": 2.8,
        "Grand Strategy": 3.6999999999999997,
        "Crafting": 5.3500000000000005,
        "Looter Shooter": 4.67,
        "Clicker": 2.4,
        "Idler": 2.4,
        "Capitalism": 2.4,
        "Class-Based": 2.18,
        "Cartoony": 2.1,
        "Trading": 2.1,
        "Robots": 2.1,
        "Cartoon": 4.07,
        "Action Roguelike": 2.0,
        "Rogue-like": 2.0,
        "Procedural Generation": 2.0,
        "Top-Down": 2.0,
        "Addictive": 2.0,
        "Rogue-lite": 2.0,
        "2D": 6.489999999999999,
        "Dungeon Crawler": 2.0,
        "Bullet Hell": 3.9699999999999998,
        "Pixel Graphics": 2.52,
        "Top-Down Shooter": 1.97,
        "Retro": 1.97,
        "Blood": 1.99,
        "Sexual Content": 3.0999999999999996,
        "Dark Humor": 1.97,
        "Satire": 1.97,
        "Epic": 1.97,
        "JRPG": 1.97,
        "Thriller": 2.8099999999999996,
        "Mystery": 2.8099999999999996,
        "Episodic": 1.68,
        "Supernatural": 1.68,
        "Narration": 2.8099999999999996,
        "Based On A Novel": 1.19,
        "Remake": 1.17,
        "Detective": 1.13,
        "Emotional": 1.13,
        "Investigation": 1.13,
        "Quick-Time Events": 1.13,
        "Interactive Fiction": 1.13,
        "Dynamic Narration": 1.13,
        "Real Time Tactics": 0.9,
        "Diplomacy": 0.9,
        "Ninja": 0.9,
        "Stylized": 0.9,
        "Open World Survival Craft": 0.55,
        "Flight": 0.22,
        "Tanks": 0.22,
        "Naval Combat": 0.22,
        "Cold War": 0.22,
        "Parkour": 0.04,
        "Lore-Rich": 0.02,
        "3D Fighter": 0.02,
        "Martial Arts": 0.02
    },