{
    "Genres": {
        "Action": 57383.84299999994,
        "Adventure": 20175.20000000001,
        "Massively Multiplayer": 8927.970000000001,
        "Free to Play": 13453.85,
        "Indie": 13735.050000000005,
        "Simulation": 10051.499999999995,
        "Strategy": 10343.770000000002,
        "RPG": 9475.170000000006,
        "Early Access": 539.5800000000002,
        "Casual": 2092.690000000002,
        "Utilities": 10.17,
        "Sports": 27.0,
        "Racing": 35.900000000000006,
        "Violent": 3.2,
        "Gore": 3.2,
        "Animation & Modeling": 2.3,
        "Design & Illustration": 2.3,
        "Photo Editing": 2.3
    },
    "Tags": {
        "Action": 165601,
        "FPS": 99884,
        "Multiplayer": 182822,
        "Shooter": 114738,
        "Classic": 7197,
        "Team-Based": 36622,
        "First-Person": 100687,
        "Competitive": 24117,
        "Tactical": 27138,
        "1990's": 2631,
        "e-sports": 15119,
        "PvP": 46551,
        "Old School": 2338,
        "Military": 16769,
        "Strategy": 54082,
        "Survival": 125856,
        "Score Attack": 679,
        "1980s": 708,
        "Assassin": 1052,
        "Nostalgia": 388,
        "Battle Royale": 12457,
        "Third-Person Shooter": 45280,
        "Online Co-Op": 80726,
        "Co-op": 101931,
        "Early Access": 15438,
        "Third Person": 48087,
        "Difficult": 14586,
        "Simulation": 67586,
        "Stealth": 16445,
        "Massively Multiplayer": 30994,
        "Open World": 109234,
        "Free to Play": 156106,
        "Zombies": 25295,
        "Adventure": 70077,
        "Violent": 3698,
        "Gore": 11953,
        "Walking Simulator": 1492,
        "Horror": 36498,
        "Singleplayer": 87821,
        "Bullet Time": 1298,
        "Sci-fi": 18697,
        "Co-op Campaign": 712,
        "Atmospheric": 43430,
        "Story Rich": 13757,
        "Mechs": 66,
        "Controller": 2308,
        "Short": 534,
        "Psychological Horror": 5437,
        "Dark": 2550,
        "Jump Scare": 97,
        "Great Soundtrack": 19640,
        "Survival Horror": 27871,
        "Thriller": 125,
        "Puzzle": 6145,
        "Puzzle-Platformer": 1242,
        "Side Scroller": 1195,
        "2.5D": 962,
        "Surreal": 408,
        "Action-Adventure": 3038,
        "Psychedelic": 297,
        "Mystery": 1916,
        "Steampunk": 422,
        "Physics": 17084,
        "Sequel": 15,
        "Nudity": 982,
        "Realistic": 32314,
        "War": 12638,
        "Sandbox": 75639,
        "Moddable": 32756,
        "Combat": 8584,
        "Heist": 7044,
        "Looter Shooter": 21105,
        "Crime": 25017,
        "Gun Customization": 3696,
        "PvE": 15833,
        "Funny": 45190,
        "Automobile Sim": 21772,
        "Mature": 18483,
        "Racing": 11903,
        "Comedy": 29060,
        "City Builder": 10902,
        "Economy": 8332,
        "Politics": 209,
        "Management": 14209,
        "Resource Management": 8030,
        "RPG": 36892,
        "Historical": 4649,
        "RTS": 6504,
        "Mod": 1378,
        "Split Screen": 816,
        "Arena Shooter": 563,
        "4 Player Local": 1253,
        "Local Multiplayer": 2409,
        "Local Co-Op": 1638,
        "Stylized": 1611,
        "Casual": 30460,
        "MOBA": 19975,
        "Tower Defense": 4185,
        "Fantasy": 8295,
        "Character Customization": 15673,
        "Replay Value": 5182,
        "Action RPG": 25301,
        "Hero Shooter": 60926,
        "Class-Based": 11015,
        "Cartoony": 10046,
        "Trading": 7842,
        "Robots": 6115,
        "Cartoon": 5022,
        "Crafting": 29986,
        "Building": 43865,
        "Immersive Sim": 7570,
        "Open World Survival Craft": 77238,
        "Nature": 1607,
        "Base-Building": 18478,
        "Transportation": 3344,
        "Science": 518,
        "Education": 541,
        "Political Sim": 512,
        "Time Manipulation": 506,
        "Indie": 47305,
        "Minimalist": 657,
        "Cyberpunk": 1149,
        "Kickstarter": 188,
        "Fast-Paced": 273,
        "Point & Click": 975,
        "Female Protagonist": 2916,
        "Hidden Object": 205,
        "Escape Room": 946,
        "Choices Matter": 462,
        "2D": 10926,
        "Shoot 'Em Up": 604,
        "Family Friendly": 5948,
        "Turn-Based": 1462,
        "Dark Fantasy": 941,
        "Souls-like": 378,
        "Exploration": 28611,
        "Dragons": 3940,
        "Lore-Rich": 8968,
        "Medieval": 2844,
        "Magic": 1244,
        "Arcade": 1734,
        "Wargame": 622,
        "Destruction": 1492,
        "Vehicular Combat": 4959,
        "Relaxing": 7723,
        "Colorful": 1661,
        "Touch-Friendly": 991,
        "Top-Down": 3693,
        "Ambient": 39,
        "Music": 98,
        "Rhythm": 64,
        "Retro": 1078,
        "Space": 10460,
        "Pixel Graphics": 1816,
        "3D": 1326,
        "Choose Your Own Adventure": 10351,
        "Memes": 1513,
        "Conversation": 330,
        "Anime": 3077,
        "Investigation": 525,
        "Multiple Endings": 568,
        "Time Management": 330,
        "Logic": 428,
        "Procedural Generation": 1619,
        "Abstract": 365,
        "Mouse only": 211,
        "Cute": 4340,
        "Hack and Slash": 12278,
        "Platformer": 2861,
        "Hand-drawn": 1120,
        "Voice Control": 7,
        "2D Platformer": 444,
        "Narration": 135,
        "Comic Book": 60,
        "RPGMaker": 585,
        "JRPG": 136,
        "Level Editor": 2022,
        "VR": 4246,
        "Illuminati": 354,
        "Modern": 4182,
        "Real-Time with Pause": 815,
        "Lemmings": 254,
        "Colony Sim": 5033,
        "Political": 29,
        "Dinosaurs": 9805,
        "Turn-Based Strategy": 2678,
        "Grand Strategy": 1663,
        "4X": 1113,
        "Hex Grid": 377,
        "Life Sim": 4086,
        "Romance": 2029,
        "God Game": 1057,
        "Isometric": 1765,
        "Post-apocalyptic": 25743,
        "World War II": 6339,
        "Tanks": 4174,
        "Real-Time": 305,
        "3D Vision": 244,
        "Alternate History": 12,
        "Linear": 23,
        "Underground": 354,
        "Underwater": 477,
        "Hunting": 1993,
        "Cooking": 713,
        "Inventory Management": 167,
        "Tutorial": 281,
        "Space Sim": 280,
        "Fighting": 1302,
        "2D Fighter": 1012,
        "Crowdfunded": 521,
        "Noir": 492,
        "Capitalism": 1416,
        "Nonlinear": 351,
        "Rogue-lite": 343,
        "Rogue-like": 1311,
        "Action Roguelike": 211,
        "Bullet Hell": 287,
        "Dungeon Crawler": 22,
        "America": 3540,
        "Western": 285,
        "Twin Stick Shooter": 1072,
        "Utilities": 2585,
        "Vampire": 100,
        "Gothic": 62,
        "Lovecraftian": 23,
        "Experimental": 15,
        "Sports": 1731,
        "Interactive Fiction": 73,
        "Based On A Novel": 382,
        "Dating Sim": 1649,
        "Soundtrack": 32,
        "Match 3": 46,
        "Driving": 3153,
        "Sexual Content": 368,
        "Turn-Based Combat": 25,
        "Turn-Based Tactics": 17,
        "Intentionally Awkward Controls": 10,
        "Blood": 215,
        "Parody ": 92,
        "Dark Comedy": 312,
        "Metroidvania": 532,
        "Epic": 40,
        "Mahjong": 47,
        "Cats": 1555,
        "Mini Golf": 6,
        "Golf": 5,
        "Word Game": 5,
        "Runner": 147,
        "Design & Illustration": 1653,
        "Parkour": 13623,
        "Emotional": 523,
        "Psychological": 950,
        "Aliens": 2143,
        "Card Game": 441,
        "Deckbuilding": 15,
        "Visual Novel": 199,
        "Trading Card Game": 612,
        "Precision Platformer": 357,
        "Archery": 355,
        "Beautiful": 772,
        "Dog": 118,
        "Board Game": 2355,
        "Sokoban": 6,
        "3D Platformer": 11,
        "Voxel": 6,