{
    "Genres": {
        "Action": 6059.860000000003,
        "Indie": 3928.1000000000017,
        "Massively Multiplayer": 395.4099999999999,
        "Simulation": 4278.280000000002,
        "Strategy": 7142.530000000005,
        "Early Access": 657.6800000000002,
        "Adventure": 1900.4399999999987,
        "Free to Play": 1562.119999999999,
        "RPG": 3390.17,
        "Casual": 302.4799999999998,
        "Sports": 28.94,
        "Utilities": 10.719999999999999,
        "Racing": 8.849999999999998
    },
    "Tags": {
        "Action": 279482,
        "FPS": 136531,
        "Multiplayer": 273310,
        "Shooter": 162226,
        "Classic": 11254,
        "Team-Based": 72872,
        "First-Person": 109304,
        "Competitive": 19656,
        "Tactical": 91487,
        "1990's": 3577,
        "e-sports": 5840,
        "PvP": 99173,
        "Old School": 2828,
        "Military": 66676,
        "Strategy": 90529,
        "Survival": 94277,
        "Score Attack": 743,
        "1980s": 552,
        "Assassin": 1837,
        "Nostalgia": 1030,
        "Early Access": 18646,
        "Mechs": 1502,
        "Robots": 8896,
        "Wargame": 6366,
        "Auto Battler": 825,
        "RTS": 11924,
        "Action RTS": 671,
        "Turn-Based Strategy": 17213,
        "Co-op": 169139,
        "Simulation": 102776,
        "War": 62762,
        "Turn-Based": 12118,
        "Singleplayer": 140366,
        "Turn-Based Tactics": 3432,
        "Real Time Tactics": 3198,
        "World War II": 76696,
        "Historical": 73319,
        "Online Co-Op": 139636,
        "Base-Building": 18313,
        "Tanks": 7556,
        "Real-Time": 1218,
        "Real-Time with Pause": 6566,
        "Atmospheric": 67691,
        "Great Soundtrack": 41457,
        "Adventure": 103927,
        "Colony Sim": 6604,
        "Sandbox": 101110,
        "Management": 14401,
        "Building": 47481,
        "Moddable": 47922,
        "City Builder": 6076,
        "Open World": 108745,
        "Procedural Generation": 15726,
        "2D": 32679,
        "Sci-fi": 42656,
        "Indie": 79759,
        "Space": 27634,
        "Tactical RPG": 4574,
        "Western": 2462,
        "Cartoony": 12462,
        "Grand Strategy": 14822,
        "4X": 8462,
        "Alternate History": 4145,
        "Diplomacy": 4992,
        "Economy": 5503,
        "Replay Value": 21575,
        "Political": 2697,
        "Nonlinear": 2236,
        "Free to Play": 267297,
        "Idler": 1351,
        "Clicker": 1758,
        "Funny": 41739,
        "RPG": 112626,
        "Casual": 38748,
        "Psychological Horror": 1883,
        "Story Rich": 36385,
        "Strategy RPG": 5341,
        "Ninja": 10361,
        "Medieval": 25039,
        "Stylized": 629,
        "Open World Survival Craft": 38704,
        "Pixel Graphics": 24808,
        "Crafting": 44665,
        "Exploration": 49945,
        "Platformer": 20216,
        "Character Customization": 39009,
        "Life Sim": 727,
        "Choices Matter": 5114,
        "Resource Management": 6250,
        "Fantasy": 45031,
        "Addictive": 4525,
        "Point & Click": 283,
        "Sexual Content": 3428,
        "Dragons": 13034,
        "Magic": 12491,
        "Lore-Rich": 19288,
        "Action RPG": 46187,
        "Third Person": 52743,
        "Epic": 4482,
        "Space Sim": 4188,
        "Flight": 7796,
        "Choose Your Own Adventure": 3301,
        "PvE": 59868,
        "3D": 9059,
        "Spaceships": 472,
        "Voxel": 5451,
        "Trading": 7918,
        "Vehicular Combat": 7751,
        "Futuristic": 4220,
        "Horses": 2292,
        "Realistic": 67728,
        "Hack and Slash": 27155,
        "Games Workshop": 3079,
        "Dark Fantasy": 29773,
        "Dwarf": 1356,
        "Dinosaurs": 1008,
        "Souls-like": 24851,
        "Difficult": 36436,
        "Unforgiving": 3488,
        "Immersive": 3044,
        "Dark": 4081,
        "Hex Grid": 2143,
        "Zombies": 57518,
        "Post-apocalyptic": 26653,
        "Tower Defense": 9790,
        "Hero Shooter": 61698,
        "Class-Based": 14160,
        "Comedy": 32061,
        "Cartoon": 4979,
        "Isometric": 7008,
        "CRPG": 2845,
        "Kickstarter": 1006,
        "Crowdfunded": 456,
        "Female Protagonist": 13604,
        "Steampunk": 171,
        "Creature Collector": 971,
        "Third-Person Shooter": 70040,
        "Automation": 4937,
        "Anime": 6848,
        "Looter Shooter": 40226,
        "Gore": 20440,
        "Martial Arts": 531,
        "Mythology": 6369,
        "Nudity": 1033,
        "3D Platformer": 10265,
        "Rogue-lite": 11270,
        "Top-Down Shooter": 1898,
        "Action Roguelike": 12217,
        "Twin Stick Shooter": 1691,
        "Top-Down": 4244,
        "Perma Death": 6698,
        "Rogue-like": 17542,
        "Gun Customization": 6833,
        "Colorful": 3827,
        "Controller": 7830,
        "Turn-Based Combat": 5484,
        "Dungeons & Dragons": 3114,
        "Romance": 2155,
        "Co-op Campaign": 4291,
        "Combat": 11297,
        "Loot": 7849,
        "MMORPG": 8457,
        "Dungeon Crawler": 7329,
        "Inventory Management": 3427,
        "Horror": 19524,
        "Massively Multiplayer": 104025,
        "JRPG": 1793,
        "Violent": 9605,
        "Destruction": 1569,
        "Stealth": 14473,
        "Remake": 1658,
        "Walking Simulator": 1304,
        "Cyberpunk": 4622,
        "Fast-Paced": 4387,
        "Heist": 7110,
        "Crime": 7120,
        "Family Friendly": 5481,
        "Local Co-Op": 6802,
        "Bullet Hell": 3964,
        "Metroidvania": 1916,
        "Side Scroller": 1839,
        "Beat 'em up": 2399,
        "GameMaker": 268,
        "Card Game": 1800,
        "Physics": 26061,
        "Local Multiplayer": 4339,
        "Touch-Friendly": 421,
        "Relaxing": 3478,
        "Soundtrack": 1529,
        "Level Editor": 7284,
        "Dating Sim": 2719,
        "Action-Adventure": 10812,
        "Hand-drawn": 2849,
        "Aliens": 5569,
        "Capitalism": 1148,
        "Extraction Shooter": 341,
        "Spectacle fighter": 1671,
        "Swordplay": 5960,
        "Character Action Game": 977,
        "Parkour": 8700,
        "Based On A Novel": 370,
        "Minimalist": 2069,
        "Musou": 119,
        "Lovecraftian": 1734,
        "Gothic": 559,
        "4 Player Local": 2239,
        "Arcade": 3093,
        "Rome": 273,
        "Split Screen": 404,
        "Parody ": 168,
        "Collectathon": 150,
        "Time Management": 1536,
        "Puzzle": 15563,
        "Retro": 2046,
        "Survival Horror": 8693,
        "Party-Based RPG": 1361,
        "Quick-Time Events": 226,
        "Battle Royale": 11374,
        "Modern": 4626,
        "Puzzle-Platformer": 10068,
        "Science": 7263,
        "Dark Humor": 9065,
        "Short": 835,
        "Immersive Sim": 2083,
        "Cold War": 3846,
        "Jet": 286,
        "World War I": 2383,
        "Sports": 1390,
        "VR": 10124,
        "3D Fighter": 2445,
        "Boxing": 29,
        "Fighting": 7941,
        "America": 788,
        "Memes": 1420,
        "Trading Card Game": 316,
        "Utilities": 165,
        "Software": 30,
        "Conspiracy": 95,
        "Blood": 1203,
        "Bullet Time": 567,
        "MOBA": 749,
        "Elf": 565,
        "Mini Golf": 449,
        "Golf": 380,
        "Combat Racing": 1003,
        "Racing": 2704,
        "Logic": 1198,
        "LEGO": 1002,
        "Naval Combat": 98441,
        "Warhammer 40K": 679,
        "Visual Novel": 230,
        "Multiple Endings": 111,
        "Mature": 950,
        "3D Vision": 19,
        "Linear": 390,
        "Rhythm": 653,
        "Music": 737,
        "Music-Based Procedural Generation": 350,
        "Narration": 1627,
        "Dynamic Narration": 854,
        "Board Game": 1335,
        "Tabletop": 409,
        "Trains": 1498,
        "Dystopian ": 613,