{
    "Genres": {
        "Action": 11982.969999999998,
        "Free to Play": 7225.31,
        "Adventure": 3433.1299999999997,
        "Massively Multiplayer": 2323.8199999999997,
        "RPG": 2299.3999999999996,
        "Simulation": 941.81,
        "Strategy": 1226.7000000000003,
        "Indie": 396.28,
        "Casual": 128.62999999999997,
        "Sports": 38.74000000000001,
        "Early Access": 15.48,
        "Racing": 8.0,
        "Violent": 0.25,
        "Utilities": 0.23
    },
    "Tags": {
        "Action": 12005.579999999996,
        "FPS": 9182.35,
        "Multiplayer": 11750.189999999993,
        "Shooter": 9399.939999999999,
        "Classic": 4294.24,
        "Team-Based": 9168.010000000002,
        "First-Person": 9208.46,
        "Competitive": 6297.42,
        "Tactical": 9527.679999999997,
        "1990's": 4134.9,
        "e-sports": 4139.55,
        "PvP": 9204.72,
        "Old School": 4134.9,
        "Military": 5987.049999999999,
        "Strategy": 7244.279999999997,
        "Survival": 5254.63,
        "Score Attack": 4134.9,
        "1980s": 4134.9,
        "Assassin": 4134.9,
        "Nostalgia": 4134.9,
        "Free to Play": 7247.120000000001,
        "Hero Shooter": 3160.85,
        "Class-Based": 3325.92,
        "Funny": 3287.4800000000005,
        "Online Co-Op": 4080.9900000000002,
        "Cartoony": 2137.88,
        "Trading": 2134.07,
        "Co-op": 5503.030000000002,
        "Comedy": 2254.4700000000003,
        "Robots": 2133.32,
        "Cartoon": 2132.5,
        "Crafting": 2606.4900000000002,
        "Early Access": 2227.6600000000003,
        "Singleplayer": 4592.39,
        "War": 2723.3900000000003,
        "Massively Multiplayer": 4379.84,
        "Violent": 3036.41,
        "Open World": 2960.1400000000003,
        "Gore": 3038.67,
        "Adventure": 4504.9900000000025,
        "MMORPG": 1898.94,
        "Action RPG": 1516.8,
        "Hack and Slash": 1394.6,
        "RPG": 2280.4199999999996,
        "Character Customization": 3496.8300000000004,
        "Sexual Content": 1211.6999999999998,
        "Fantasy": 2118.8,
        "PvE": 1470.1399999999999,
        "Isometric": 1264.0,
        "Battle Royale": 976.6399999999999,
        "Sci-fi": 1201.8399999999997,
        "Loot": 977.22,
        "Lore-Rich": 1175.3899999999999,
        "Cyberpunk": 961.4,
        "Cinematic": 963.0899999999999,
        "3D": 473.53000000000003,
        "Medieval": 997.92,
        "Atmospheric": 703.9799999999998,
        "Magic": 562.52,
        "Simulation": 1064.7600000000002,
        "Cooking": 454.0,
        "Combat": 473.69999999999993,
        "VR": 342.34999999999997,
        "Action-Adventure": 468.97999999999996,
        "Realistic": 397.69999999999993,
        "Flight": 343.31999999999994,
        "Grand Strategy": 389.95,
        "Strategy RPG": 319.3,
        "Swordplay": 319.3,
        "Wargame": 387.13,
        "RTS": 484.21999999999997,
        "Tactical RPG": 344.53000000000003,
        "Action RTS": 319.3,
        "Real Time Tactics": 410.63,
        "Looter Shooter": 212.32,
        "Third-Person Shooter": 238.50000000000003,
        "Third Person": 510.71,
        "Space": 239.10000000000002,
        "Parkour": 211.1,
        "Ninja": 211.1,
        "Horror": 167.97000000000003,
        "Dark": 129.5,
        "Puzzle": 207.96000000000004,
        "Psychological Horror": 167.50000000000003,
        "Puzzle-Platformer": 130.10000000000002,
        "Side Scroller": 157.1,
        "2.5D": 157.1,
        "Stealth": 143.0,
        "Survival Horror": 131.77,
        "Surreal": 129.5,
        "Psychedelic": 129.5,
        "Mystery": 163.3,
        "Steampunk": 129.5,
        "Thriller": 129.5,
        "Physics": 131.52,
        "Casual": 321.83,
        "Clicker": 109.94999999999999,
        "Indie": 246.2800000000001,
        "Dark Humor": 85.02,
        "Story Rich": 222.29000000000002,
        "Cult Classic": 85.0,
        "Turn-Based": 140.49,
        "Match 3": 77.5,
        "Anime": 174.79999999999998,
        "2D": 102.00999999999999,
        "Local Multiplayer": 89.98,
        "Female Protagonist": 106.1,
        "Turn-Based Strategy": 99.11000000000001,
        "Turn-Based Tactics": 110.59000000000002,
        "Board Game": 84.01000000000002,
        "Based On A Novel": 74.5,
        "Exploration": 143.44,
        "Dark Fantasy": 90.38000000000001,
        "MOBA": 68.7,
        "Controller": 119.17,
        "Colorful": 90.7,
        "City Builder": 131.87,
        "Building": 69.55999999999997,
        "Real-Time": 67.16999999999999,
        "Base-Building": 65.6,
        "Sandbox": 82.71999999999998,
        "Colony Sim": 65.6,
        "Idler": 89.19999999999999,
        "JRPG": 66.5,
        "Card Game": 82.14000000000001,
        "Turn-Based Combat": 72.61,
        "Great Soundtrack": 71.75,
        "Driving": 52.3,
        "Transportation": 51.87,
        "Automobile Sim": 52.3,
        "Moddable": 53.28000000000001,
        "Relaxing": 50.93,
        "Immersive Sim": 50.3,
        "Economy": 62.87,
        "Management": 108.08999999999999,
        "Family Friendly": 75.47,
        "Experimental": 33.82,
        "Short": 33.84,
        "Walking Simulator": 35.769999999999996,
        "Metroidvania": 28.18,
        "Cute": 27.6,
        "Beat 'em up": 27.6,
        "2D Platformer": 27.6,
        "Nudity": 31.980000000000004,
        "Trading Card Game": 25.98,
        "Stylized": 25.0,
        "Card Battler": 25.23,
        "Deckbuilding": 26.61,
        "Tower Defense": 27.3,
        "Touch-Friendly": 24.23,
        "Addictive": 23.6,
        "Illuminati": 23.6,
        "Sports": 38.74000000000001,
        "Football (Soccer)": 38.09,
        "Football (American)": 37.32,
        "Mystery Dungeon": 15.5,
        "CRPG": 14.9,
        "Choices Matter": 15.0,
        "Party-Based RPG": 14.9,
        "Rogue-lite": 14.9,
        "Top-Down": 20.13,
        "Nonlinear": 14.9,
        "Difficult": 27.43,
        "RPGMaker": 11.6,
        "World War II": 13.680000000000001,
        "Historical": 13.840000000000002,
        "Racing": 8.0,
        "Fast-Paced": 10.82,
        "Split Screen": 6.0,
        "Local Co-Op": 9.9,
        "4 Player Local": 6.0,
        "Mythology": 5.58,
        "Dungeon Crawler": 5.62,
        "Level Editor": 7.0,
        "Gun Customization": 4.819999999999999,
        "Mature": 5.73,
        "Blood": 4.8,
        "Arena Shooter": 4.8,
        "Tabletop": 4.13,
        "Vehicular Combat": 5.630000000000001,
        "Tanks": 3.63,
        "Naval Combat": 2.9,
        "Modern": 2.9,
        "Cold War": 2.9,
        "Zombies": 4.709999999999999,
        "Post-apocalyptic": 4.55,
        "Replay Value": 6.81,
        "Futuristic": 2.7800000000000002,
        "Hex Grid": 2.58,
        "Asynchronous Multiplayer": 2.0,
        "Combat Racing": 2.0,
        "Destruction": 3.35,
        "Music": 2.0,
        "Arcade": 2.0,
        "Aliens": 1.79,
        "Soundtrack": 1.77,
        "Trains": 1.57,
        "America": 1.72,
        "Western": 1.57,
        "Resource Management": 2.87,
        "Politics": 2.22,
        "Political Sim": 0.92,
        "Diplomacy": 0.92,
        "Real-Time with Pause": 0.9400000000000001,
        "Political": 0.92,
        "3D Platformer": 0.75,
        "Gambling": 0.63,
        "Conversation": 0.63,
        "Memes": 0.63,
        "Point & Click": 0.63,
        "Dungeons & Dragons": 0.62,
        "Dragons": 0.62,
        "Dwarf": 0.62,
        "Superhero": 0.62,
        "Comic Book": 0.62,
        "Fighting": 0.64,
        "Platformer": 0.6,
        "Linear": 0.58,
        "Pixel Graphics": 0.58,
        "Spaceships": 0.58,
        "4X": 0.58,
        "Auto Battler": 0.4,
        "Chess": 0.4,
        "Automation": 0.4,
        "Action Roguelike": 0.33,
        "Bullet Hell": 0.33,
        "Rogue-like": 0.33,
        "Mechs": 0.33,
        "Retro": 0.33,
        "Utilities": 0.23,
        "Warhammer 40K": 0.23,
        "Mod": 0.13,