{
    "Genres": {
        "Action": 17869.623,
        "Adventure": 3631.812999999994,
        "Massively Multiplayer": 1732.6029999999996,
        "Free to Play": 3619.333000000001,
        "RPG": 1524.7000000000003,
        "Indie": 1348.8199999999983,
        "Early Access": 284.24999999999994,
        "Casual": 471.75999999999976,
        "Simulation": 235.49000000000004,
        "Strategy": 368.7099999999999,
        "Sports": 106.99999999999999,
        "Racing": 89.53999999999998,
        "Utilities": 9.749999999999998,
        "Sexual Content": 5.4,
        "Nudity": 5.4,
        "Violent": 19.299999999999997,
        "Gore": 16.299999999999997,
        "Audio Production": 4.1,
        "Animation & Modeling": 4.119999999999999,
        "Design & Illustration": 4.119999999999999,
        "Photo Editing": 4.1,
        "Education": 0.02,
        "Software Training": 0.02,
        "Game Development": 0.02
    },
    "Tags": {
        "Action": 348091,
        "FPS": 229730,
        "Multiplayer": 286983,
        "Shooter": 216329,
        "Classic": 26817,
        "Team-Based": 59145,
        "First-Person": 181514,
        "Competitive": 36610,
        "Tactical": 42360,
        "1990's": 5750,
        "e-sports": 17404,
        "PvP": 68357,
        "Old School": 3745,
        "Military": 26012,
        "Strategy": 83427,
        "Survival": 117801,
        "Score Attack": 1261,
        "1980s": 3676,
        "Assassin": 4478,
        "Nostalgia": 485,
        "Battle Royale": 19642,
        "Third-Person Shooter": 56218,
        "Online Co-Op": 119839,
        "Co-op": 171590,
        "Early Access": 15302,
        "Third Person": 75078,
        "Difficult": 27762,
        "Simulation": 47954,
        "Stealth": 38128,
        "Free to Play": 217921,
        "Hero Shooter": 121238,
        "Class-Based": 13371,
        "Funny": 72085,
        "Cartoony": 11910,
        "Trading": 8240,
        "Comedy": 60149,
        "Robots": 7578,
        "Cartoon": 4258,
        "Crafting": 23978,
        "Massively Multiplayer": 30314,
        "Open World": 152970,
        "Zombies": 53158,
        "Adventure": 163766,
        "Violent": 13492,
        "Gore": 42450,
        "Walking Simulator": 4970,
        "Singleplayer": 193737,
        "War": 21767,
        "Great Soundtrack": 58102,
        "Story Rich": 80350,
        "Atmospheric": 103476,
        "Controller": 9673,
        "Linear": 4563,
        "Moddable": 49343,
        "Futuristic": 10089,
        "Sci-fi": 72966,
        "Horror": 62941,
        "Casual": 32333,
        "Mod": 2566,
        "Illuminati": 1952,
        "Parkour": 19027,
        "Quick-Time Events": 2497,
        "Loot": 27925,
        "Looter Shooter": 41664,
        "RPG": 109921,
        "Combat": 9661,
        "Action RPG": 46436,
        "Dark Humor": 15897,
        "Memes": 4978,
        "Dog": 11456,
        "America": 3701,
        "Fast-Paced": 8843,
        "Hacking": 7194,
        "Survival Horror": 25299,
        "Open World Survival Craft": 64256,
        "Nudity": 11899,
        "Realistic": 25142,
        "Indie": 111494,
        "Space": 24012,
        "Post-apocalyptic": 41987,
        "Hack and Slash": 21759,
        "PvE": 31075,
        "Character Customization": 27029,
        "Dark": 15109,
        "MMORPG": 7506,
        "Lore-Rich": 12786,
        "Crime": 30999,
        "Automobile Sim": 23943,
        "Driving": 4358,
        "Music": 3316,
        "Sandbox": 82251,
        "3D Vision": 974,
        "Racing": 19037,
        "Character Action Game": 522,
        "Bullet Time": 1217,
        "3D": 15534,
        "Dark Comedy": 3173,
        "Mature": 33465,
        "Point & Click": 25226,
        "Exploration": 52795,
        "Psychological Horror": 8620,
        "Choose Your Own Adventure": 1417,
        "Interactive Fiction": 1714,
        "Multiple Endings": 7345,
        "Text-Based": 939,
        "Replay Value": 21161,
        "Dynamic Narration": 1477,
        "Narration": 3896,
        "Conversation": 1143,
        "Colorful": 13258,
        "Puzzle": 35550,
        "Drama": 2277,
        "Mystery": 4454,
        "Dystopian ": 8911,
        "Silent Protagonist": 4902,
        "Physics": 27470,
        "Aliens": 12183,
        "Female Protagonist": 15700,
        "World War II": 11760,
        "Historical": 11115,
        "Short": 3490,
        "Alternate History": 3606,
        "Based On A Novel": 2359,
        "Remake": 3225,
        "MOBA": 22415,
        "Sports": 3616,
        "Arena Shooter": 2969,
        "Tower Defense": 12230,
        "Metroidvania": 8171,
        "Platformer": 35541,
        "Nonlinear": 876,
        "Side Scroller": 3632,
        "Retro": 8194,
        "2.5D": 801,
        "Underwater": 1530,
        "Underground": 359,
        "Stylized": 11520,
        "Abstract": 668,
        "Minimalist": 1720,
        "Epic": 2206,
        "RTS": 21342,
        "Fantasy": 36833,
        "Level Editor": 8002,
        "Time Attack": 1061,
        "Arcade": 7266,
        "Local Multiplayer": 4895,
        "Split Screen": 890,
        "Demons": 4001,
        "Blood": 2985,
        "Co-op Campaign": 1737,
        "Strategy RPG": 1030,
        "Building": 27682,
        "Family Friendly": 6606,
        "Party-Based RPG": 1565,
        "Heist": 8062,
        "Choices Matter": 9982,
        "Medieval": 12145,
        "Magic": 9845,
        "Dark Fantasy": 10226,
        "Sexual Content": 771,
        "Real Time Tactics": 6756,
        "Base-Building": 9640,
        "Grand Strategy": 7482,
        "Destruction": 3678,
        "Mechs": 802,
        "Real-Time": 1678,
        "Pixel Graphics": 19594,
        "Resource Management": 1619,
        "Tactical RPG": 6617,
        "2D": 36982,
        "Cute": 4157,
        "Education": 791,
        "Cold War": 1154,
        "Card Game": 6783,
        "Gambling": 232,
        "Board Game": 302,
        "Voxel": 535,
        "Ninja": 7850,
        "Parody ": 383,
        "Satire": 2022,
        "Top-Down": 10920,
        "Vehicular Combat": 1757,
        "Swordplay": 1469,
        "Economy": 1912,
        "Anime": 4307,
        "Immersive Sim": 4020,
        "Shoot 'Em Up": 2775,
        "Space Sim": 6975,
        "4X": 8407,
        "Top-Down Shooter": 8348,
        "Action Roguelike": 9549,
        "Rogue-like": 11583,
        "Procedural Generation": 2918,
        "Addictive": 4013,
        "Rogue-lite": 7002,
        "Dungeon Crawler": 4887,
        "Perma Death": 2619,
        "Bullet Hell": 2129,
        "3D Platformer": 12518,
        "Thriller": 1635,
        "Surreal": 3644,
        "Local Co-Op": 8029,
        "Cats": 934,
        "2D Platformer": 5816,
        "Puzzle-Platformer": 15442,
        "VR": 1045,
        "Relaxing": 3045,
        "Offroad": 26,
        "Motorbike": 133,
        "Runner": 1118,
        "Episodic": 2057,
        "Cinematic": 1993,
        "Action-Adventure": 16294,
        "Science": 6092,
        "Supernatural": 1757,
        "Vampire": 523,
        "Spectacle fighter": 1109,
        "Sequel": 244,
        "JRPG": 844,
        "Turn-Based Tactics": 8092,
        "Tutorial": 840,
        "Turn-Based Combat": 586,
        "Turn-Based Strategy": 8999,
        "Word Game": 73,
        "FMV": 13,
        "Warhammer 40K": 729,
        "Games Workshop": 118,
        "Benchmark": 844,
        "Utilities": 2722,
        "Software": 2313,
        "Cult Classic": 1265,
        "Psychological": 1401,
        "Collectathon": 694,
        "Football (American)": 43,
        "Management": 8116,
        "Steampunk": 9154,
        "Wargame": 3980,
        "Gun Customization": 7610,
        "Tanks": 2170,
        "Dragons": 5166,
        "Isometric": 5609,
        "Detective": 2186,
        "Lovecraftian": 2414,
        "Beautiful": 1778,
        "Gothic": 183,
        "Beat 'em up": 1605,
        "Diplomacy": 6932,
        "Life Sim": 1149,
        "Time Management": 175,
        "Immersive": 2052,
        "Mythology": 898,