{
    "Genres": {
        "Action": 9413.650000000007,
        "Adventure": 1648.0599999999997,
        "Indie": 874.3800000000001,
        "Racing": 322.87,
        "Sports": 596.55,
        "Massively Multiplayer": 584.6900000000002,
        "Free to Play": 349.25000000000006,
        "Simulation": 1090.2300000000002,
        "Strategy": 1107.2799999999995,
        "RPG": 963.08,
        "Early Access": 184.92999999999998,
        "Casual": 274.28,
        "Sexual Content": 5.1,
        "Nudity": 5.1,
        "Violent": 5.1,
        "Gore": 5.1,
        "Utilities": 7.6000000000000005,
        "Animation & Modeling": 2.7,
        "Design & Illustration": 2.7,
        "Photo Editing": 2.7
    },
    "Tags": {
        "Action": 280098,
        "FPS": 144964,
        "Multiplayer": 280176,
        "Shooter": 191169,
        "Classic": 5845,
        "Team-Based": 87621,
        "First-Person": 128907,
        "Competitive": 35889,
        "Tactical": 90488,
        "1990's": 1231,
        "e-sports": 23803,
        "PvP": 113347,
        "Old School": 1148,
        "Military": 65730,
        "Strategy": 63476,
        "Survival": 72735,
        "Score Attack": 296,
        "1980s": 325,
        "Assassin": 3661,
        "Nostalgia": 202,
        "Open World": 147438,
        "Crime": 20974,
        "Automobile Sim": 19364,
        "Third Person": 75825,
        "Mature": 34200,
        "Adventure": 102438,
        "Singleplayer": 135442,
        "Third-Person Shooter": 82935,
        "Racing": 16952,
        "Co-op": 152902,
        "Sandbox": 84338,
        "Atmospheric": 83268,
        "Funny": 46816,
        "Great Soundtrack": 43534,
        "Comedy": 34186,
        "Moddable": 40045,
        "Football (Soccer)": 5426,
        "Sports": 6686,
        "Online Co-Op": 131995,
        "Football (American)": 2469,
        "Fast-Paced": 4551,
        "Local Multiplayer": 2559,
        "Split Screen": 1718,
        "Local Co-Op": 4493,
        "4 Player Local": 2071,
        "Casual": 37284,
        "Indie": 41674,
        "Battle Royale": 15975,
        "Early Access": 8583,
        "Difficult": 27774,
        "Simulation": 95933,
        "Stealth": 11806,
        "Realistic": 66155,
        "War": 61546,
        "Combat": 10267,
        "Extraction Shooter": 2517,
        "Perma Death": 2268,
        "Western": 4500,
        "Horror": 24863,
        "Survival Horror": 16566,
        "Gore": 14119,
        "Zombies": 56564,
        "Choices Matter": 10751,
        "Female Protagonist": 12105,
        "Comic Book": 735,
        "Heist": 942,
        "Story Rich": 51878,
        "Episodic": 581,
        "Souls-like": 16690,
        "Dark Fantasy": 21326,
        "RPG": 85103,
        "Action RPG": 42346,
        "Fantasy": 30064,
        "Violent": 7213,
        "3D": 7994,
        "Character Customization": 33428,
        "Family Friendly": 5474,
        "Turn-Based Strategy": 7692,
        "Historical": 60997,
        "Grand Strategy": 3496,
        "Turn-Based": 4490,
        "4X": 3439,
        "City Builder": 12274,
        "Building": 30896,
        "Management": 8325,
        "Hex Grid": 1815,
        "Medieval": 16513,
        "RTS": 9176,
        "Life Sim": 7355,
        "Economy": 5392,
        "Political": 486,
        "Real-Time with Pause": 1853,
        "Nudity": 12129,
        "Multiple Endings": 5359,
        "Magic": 12069,
        "Dark": 5205,
        "Addictive": 2027,
        "Replay Value": 10468,
        "Diplomacy": 684,
        "Touch-Friendly": 432,
        "Resource Management": 4625,
        "Mod": 1303,
        "Modern": 4660,
        "Pirates": 2229,
        "Sailing": 368,
        "Massively Multiplayer": 105070,
        "Crafting": 28366,
        "Naval Combat": 98135,
        "MMORPG": 4086,
        "Exploration": 31040,
        "Base-Building": 4940,
        "PvE": 45435,
        "Cyberpunk": 6465,
        "Sci-fi": 29891,
        "Futuristic": 10289,
        "Immersive Sim": 1794,
        "Controller": 2108,
        "Linear": 1839,
        "Basketball": 1236,
        "Trading": 7239,
        "Dog": 11306,
        "America": 2082,
        "Hacking": 2458,
        "Post-apocalyptic": 38623,
        "Choose Your Own Adventure": 10420,
        "Vehicular Combat": 5350,
        "Destruction": 7229,
        "Physics": 22934,
        "Cinematic": 3441,
        "Hero Shooter": 71621,
        "Action RTS": 146,
        "Isometric": 3076,
        "Gambling": 242,
        "Walking Simulator": 557,
        "Open World Survival Craft": 6666,
        "Sexual Content": 423,
        "Horses": 3317,
        "Beautiful": 2120,
        "Space": 12505,
        "Deckbuilding": 568,
        "Looter Shooter": 29766,
        "Pixel Graphics": 6735,
        "2D": 6166,
        "Bullet Hell": 297,
        "Top-Down Shooter": 54,
        "Retro": 90,
        "Blood": 396,
        "Superhero": 1679,
        "Action-Adventure": 12669,
        "Parkour": 13539,
        "Naval": 66990,
        "Underwater": 664,
        "Mythology": 752,
        "Hack and Slash": 13643,
        "Emotional": 470,
        "Quick-Time Events": 2520,
        "Illuminati": 4098,
        "Mechs": 376,
        "Relaxing": 7022,
        "Transportation": 173,
        "Robots": 5960,
        "Card Game": 2751,
        "Tabletop": 1653,
        "Board Game": 1412,
        "Cult Classic": 427,
        "Party Game": 22,
        "Free to Play": 296247,
        "Hunting": 292,
        "Alternate History": 1221,
        "Conspiracy": 384,
        "Swordplay": 2760,
        "Wargame": 924,
        "3D Fighter": 106,
        "MOBA": 20473,
        "Dragons": 5061,
        "Lore-Rich": 14814,
        "Epic": 1934,
        "VR": 4525,
        "Mini Golf": 424,
        "Golf": 405,
        "Level Editor": 7850,
        "Memes": 1033,
        "Puzzle": 15345,
        "Beat 'em up": 698,
        "Driving": 306,
        "Arcade": 1436,
        "Real-Time": 795,
        "Anime": 3108,
        "Trading Card Game": 1433,
        "Psychological Horror": 1192,
        "World War II": 72061,
        "Colony Sim": 4151,
        "Procedural Generation": 1326,
        "Farming Sim": 7345,
        "Agriculture": 5001,
        "Cute": 4028,
        "Dating Sim": 2427,
        "Fishing": 2072,
        "Dystopian ": 397,
        "Gun Customization": 3031,
        "Cartoony": 7256,
        "Arena Shooter": 583,
        "2D Fighter": 362,
        "Fighting": 2472,
        "Martial Arts": 158,
        "Rhythm": 2669,
        "Mouse only": 71,
        "Spaceships": 131,
        "Turn-Based Tactics": 288,
        "Turn-Based Combat": 100,
        "Based On A Novel": 855,
        "Well-Written": 1114,
        "Platformer": 11636,
        "Dark Humor": 7673,
        "Puzzle-Platformer": 10410,
        "3D Platformer": 9179,
        "Science": 5582,
        "Tower Defense": 4600,
        "Strategy RPG": 773,
        "Class-Based": 11474,
        "Voxel": 476,
        "Utilities": 2478,
        "Software": 1890,
        "Metroidvania": 1025,
        "Tanks": 3996,
        "Card Battler": 412,
        "Clicker": 1232,
        "Idler": 208,
        "Capitalism": 1078,
        "Point & Click": 576,
        "Nature": 648,
        "Cooking": 356,
        "Rogue-lite": 343,
        "Rogue-like": 306,
        "Action Roguelike": 211,
        "Top-Down": 332,
        "LEGO": 1071,
        "Detective": 619,
        "Design & Illustration": 1421,
        "Animation & Modeling": 1150,
        "NSFW": 855,
        "Photo Editing": 397,
        "Game Development": 258,
        "Gaming": 219,
        "Real Time Tactics": 326,
        "Education": 192,
        "Thriller": 875,
        "Ambient": 12,
        "Reboot": 361,
        "3D Vision": 272,
        "Auto Battler": 490,
        "Chess": 182,
        "Automation": 37,
        "Time Management": 151,
        "Inventory Management": 3130,
        "Stylized": 70,
        "CRPG": 67,
        "Shoot 'Em Up": 293,
        "Twin Stick Shooter": 221,
        "Hand-drawn": 131,