{
    "Genres": {
        "Action": 4475.180000000004,
        "Adventure": 1190.5599999999993,
        "Massively Multiplayer": 1047.5,
        "Free to Play": 417.94,
        "Simulation": 280.90000000000003,
        "Strategy": 372.12000000000006,
        "Casual": 205.81999999999994,
        "Indie": 373.7600000000002,
        "Early Access": 73.1,
        "Sexual Content": 9.1,
        "Nudity": 9.1,
        "Violent": 11.399999999999999,
        "Gore": 11.399999999999999,
        "RPG": 69.22,
        "Racing": 10.4,
        "Sports": 16.7,
        "Animation & Modeling": 5.4,
        "Design & Illustration": 5.4,
        "Photo Editing": 5.4,
        "Utilities": 5.6,
        "Education": 0.1,
        "Software Training": 0.1
    },
    "Tags": {
        "Action": 99614,
        "FPS": 82160,
        "Multiplayer": 116924,
        "Shooter": 89552,
        "Classic": 2895,
        "Team-Based": 33340,
        "First-Person": 67520,
        "Competitive": 25519,
        "Tactical": 35060,
        "1990's": 1231,
        "e-sports": 10295,
        "PvP": 36517,
        "Old School": 1036,
        "Military": 18779,
        "Strategy": 22327,
        "Survival": 36086,
        "Score Attack": 430,
        "1980s": 573,
        "Assassin": 237,
        "Nostalgia": 180,
        "Online Co-Op": 49391,
        "Open World": 53547,
        "Post-apocalyptic": 10502,
        "Massively Multiplayer": 17931,
        "Horror": 17055,
        "Simulation": 22710,
        "Survival Horror": 11632,
        "Sandbox": 25254,
        "Adventure": 30779,
        "Co-op": 61976,
        "Atmospheric": 25083,
        "Choose Your Own Adventure": 10673,
        "Zombies": 16522,
        "Battle Royale": 12391,
        "Third-Person Shooter": 23149,
        "Early Access": 5690,
        "Third Person": 21717,
        "Difficult": 4886,
        "Stealth": 9052,
        "Realistic": 16494,
        "War": 16223,
        "Singleplayer": 24974,
        "Moddable": 9699,
        "Combat": 2654,
        "Futuristic": 1275,
        "Vehicular Combat": 415,
        "Modern": 1219,
        "Destruction": 5178,
        "Physics": 842,
        "Cinematic": 296,
        "Hero Shooter": 70348,
        "Casual": 7171,
        "Psychological Horror": 2649,
        "VR": 1439,
        "Supernatural": 1329,
        "Investigation": 1162,
        "Dark": 2074,
        "Demons": 826,
        "Detective": 968,
        "Mystery": 1169,
        "3D": 4203,
        "Thriller": 690,
        "Indie": 8744,
        "Free to Play": 79716,
        "Violent": 1977,
        "Gore": 3088,
        "Walking Simulator": 840,
        "Base-Building": 904,
        "Wargame": 1881,
        "Immersive Sim": 1798,
        "World War II": 4741,
        "Historical": 2631,
        "Story Rich": 1549,
        "Female Protagonist": 490,
        "Heist": 7109,
        "Crafting": 3883,
        "Blood": 137,
        "RTS": 452,
        "Crime": 24912,
        "Automobile Sim": 18611,
        "Mature": 18257,
        "Racing": 15705,
        "Funny": 24090,
        "Great Soundtrack": 14622,
        "Comedy": 14124,
        "Nudity": 94,
        "Sexual Content": 46,
        "Gun Customization": 4956,
        "Character Customization": 1239,
        "Class-Based": 10641,
        "Mod": 933,
        "RPG": 2219,
        "Trading": 6783,
        "Economy": 628,
        "Football (Soccer)": 5328,
        "Sports": 4482,
        "Football (American)": 2413,
        "Fast-Paced": 2640,
        "Local Multiplayer": 1927,
        "Split Screen": 1640,
        "Local Co-Op": 1447,
        "4 Player Local": 1496,
        "Looter Shooter": 6327,
        "PvE": 4470,
        "Utilities": 2543,
        "Software": 1876,
        "Anime": 2187,
        "Design & Illustration": 1429,
        "Animation & Modeling": 1150,
        "NSFW": 855,
        "Memes": 863,
        "Cute": 1065,
        "Photo Editing": 397,
        "Game Development": 286,
        "Gaming": 219,
        "Pixel Graphics": 1333,
        "2D": 2294,
        "Bullet Hell": 294,
        "Top-Down Shooter": 923,
        "Retro": 707,
        "Controller": 638,
        "Turn-Based Tactics": 56,
        "Turn-Based Strategy": 44,
        "Turn-Based": 226,
        "Isometric": 327,
        "Tactical RPG": 205,
        "Puzzle-Platformer": 586,
        "Puzzle": 1336,
        "Platformer": 619,
        "RPGMaker": 801,
        "Exploration": 435,
        "Party Game": 172,
        "Minigames": 161,
        "Party": 159,
        "Family Friendly": 572,
        "Touch-Friendly": 149,
        "Colorful": 448,
        "Arcade": 1412,
        "Stylized": 819,
        "Minimalist": 564,
        "Procedural Generation": 95,
        "Relaxing": 199,
        "Abstract": 253,
        "Top-Down": 1192,
        "Replay Value": 278,
        "Surreal": 265,
        "Fantasy": 446,
        "3D Platformer": 416,
        "Short": 292,
        "Point & Click": 538,
        "Trading Card Game": 124,
        "JRPG": 289,
        "Shoot 'Em Up": 135,
        "Side Scroller": 698,
        "2.5D": 487,
        "Action-Adventure": 718,
        "Psychedelic": 105,
        "Steampunk": 94,
        "Tower Defense": 369,
        "Cartoony": 7225,
        "Cartoon": 3903,
        "Ninja": 223,
        "Collectathon": 246,
        "Martial Arts": 129,
        "Logic": 117,
        "Precision Platformer": 162,
        "Runner": 214,
        "Basketball": 131,
        "Parkour": 179,
        "Space": 366,
        "Sci-fi": 656,
        "Action Roguelike": 188,
        "Rogue-lite": 34,
        "Loot": 136,
        "Time Attack": 22,
        "Rogue-like": 331,
        "Twin Stick Shooter": 257,
        "Sequel": 65,
        "Multiple Endings": 974,
        "Metroidvania": 286,
        "Mythology": 70,
        "Linear": 41,
        "Experimental": 17,
        "3D Vision": 13,
        "Voxel": 6,
        "World War I": 1115,
        "Artificial Intelligence": 1126,
        "Dark Comedy": 1076,
        "Resource Management": 691,
        "Building": 630,
        "Conversation": 627,
        "Management": 651,
        "Cyberpunk": 640,
        "Life Sim": 612,
        "Choices Matter": 985,
        "Arena Shooter": 341,
        "Nonlinear": 112,
        "Level Editor": 204,
        "Villain Protagonist": 130,
        "Tennis": 211,
        "Music": 285,
        "Rhythm": 144,
        "Music-Based Procedural Generation": 46,
        "Clicker": 276,
        "Perma Death": 18,
        "Addictive": 71,
        "Idler": 239,
        "Auto Battler": 318,
        "Automation": 167,
        "Visual Novel": 508,
        "Episodic": 140,
        "Action RPG": 520,
        "Sniper": 42,
        "Mouse only": 15,
        "Hunting": 23,
        "Time Manipulation": 71,
        "Sokoban": 34,
        "Hacking": 30,
        "Robots": 4888,
        "Grid-Based Movement": 22,
        "Typing": 15,
        "Real Time Tactics": 95,
        "Archery": 57,
        "Card Battler": 157,
        "Card Game": 172,
        "Deckbuilding": 113,
        "Board Game": 18,
        "Cats": 48,
        "Dragons": 156,
        "Hand-drawn": 18,
        "Dating Sim": 9,
        "Dungeon Crawler": 69,
        "Beat 'em up": 67,
        "Driving": 25,
        "Werewolves": 9,
        "Hack and Slash": 155,
        "Party-Based RPG": 146,
        "Turn-Based Combat": 105,
        "Magic": 90,
        "Medieval": 87,
        "Illuminati": 93,
        "Cold War": 51,
        "Hentai": 28,
        "Psychological": 36,
        "Inventory Management": 71,
        "Software Training": 34,
        "Education": 32,
        "Alternate History": 12
    },