{
    "Genres": {
        "Action": 4475.180000000004,
        "Adventure": 1190.5599999999993,
        "Massively Multiplayer": 1047.5,
        "Free to Play": 417.94,
        "Simulation": 280.90000000000003,
        "Strategy": 372.12000000000006,
        "Casual": 205.81999999999994,
        "Indie": 373.7600000000002,
        "Early Access": 73.1,
        "Sexual Content": 9.1,
        "Nudity": 9.1,
        "Violent": 11.399999999999999,
        "Gore": 11.399999999999999,
        "RPG": 69.22,
        "Racing": 10.4,
        "Sports": 16.7,
        "Animation & Modeling": 5.4,
        "Design & Illustration": 5.4,
        "Photo Editing": 5.4,
        "Utilities": 5.6,
        "Education": 0.1,
        "Software Training": 0.1
    },
    "Tags": {
        "Action": 4493.880000000005,
        "FPS": 4307.970000000001,
        "Multiplayer": 4406.740000000002,
        "Shooter": 4326.990000000002,
        "Classic": 2827.2,
        "Team-Based": 3593.3700000000003,
        "First-Person": 4382.139999999999,
        "Competitive": 3216.84,
        "Tactical": 3605.17,
        "1990's": 2820.5,
        "e-sports": 2854.9,
        "PvP": 4005.8999999999996,
        "Old School": 2823.0,
        "Military": 3276.02,
        "Strategy": 3621.5899999999997,
        "Survival": 3838.7999999999997,
        "Score Attack": 2827.6,
        "1980s": 2830.3,
        "Assassin": 2820.5,
        "Nostalgia": 2820.5,
        "Online Co-Op": 1377.27,
        "Open World": 1044.8,
        "Post-apocalyptic": 605.8000000000001,
        "Massively Multiplayer": 754.9,
        "Horror": 717.8900000000001,
        "Simulation": 1299.1,
        "Survival Horror": 606.5,
        "Sandbox": 902.5000000000001,
        "Adventure": 909.7300000000001,
        "Co-op": 1435.4399999999998,
        "Atmospheric": 742.67,
        "Choose Your Own Adventure": 603.1,
        "Zombies": 679.4000000000001,
        "Battle Royale": 387.49999999999994,
        "Third-Person Shooter": 668.6,
        "Early Access": 480.90000000000003,
        "Third Person": 364.0,
        "Difficult": 410.40000000000015,
        "Stealth": 361.70000000000005,
        "Realistic": 365.7,
        "War": 458.02000000000004,
        "Singleplayer": 589.4700000000004,
        "Moddable": 278.0,
        "Combat": 336.02000000000004,
        "Futuristic": 79.19999999999999,
        "Vehicular Combat": 70.0,
        "Modern": 114.4,
        "Destruction": 104.3,
        "Physics": 88.09999999999998,
        "Cinematic": 70.0,
        "Hero Shooter": 106.47,
        "Casual": 222.21999999999994,
        "Psychological Horror": 85.47,
        "VR": 57.57,
        "Supernatural": 51.1,
        "Investigation": 51.1,
        "Dark": 59.0,
        "Demons": 51.1,
        "Detective": 53.5,
        "Mystery": 60.29,
        "3D": 93.52000000000001,
        "Thriller": 55.87,
        "Indie": 314.1099999999999,
        "Free to Play": 94.74,
        "Violent": 112.72,
        "Gore": 104.22000000000001,
        "Walking Simulator": 58.9,
        "Base-Building": 46.9,
        "Wargame": 47.32,
        "Immersive Sim": 46.9,
        "World War II": 31.400000000000002,
        "Historical": 35.900000000000006,
        "Story Rich": 41.6,
        "Female Protagonist": 38.300000000000004,
        "Heist": 25.200000000000003,
        "Crafting": 12.67,
        "Blood": 15.7,
        "RTS": 11.8,
        "Crime": 17.5,
        "Automobile Sim": 11.5,
        "Mature": 15.0,
        "Racing": 19.9,
        "Funny": 48.63999999999999,
        "Great Soundtrack": 43.300000000000004,
        "Comedy": 20.07,
        "Nudity": 18.5,
        "Sexual Content": 14.399999999999999,
        "Gun Customization": 13.1,
        "Character Customization": 7.5,
        "Class-Based": 7.67,
        "Mod": 9.2,
        "RPG": 67.82000000000001,
        "Trading": 6.47,
        "Economy": 8.8,
        "Football (Soccer)": 8.0,
        "Sports": 13.1,
        "Football (American)": 5.9,
        "Fast-Paced": 22.1,
        "Local Multiplayer": 17.1,
        "Split Screen": 9.5,
        "Local Co-Op": 11.0,
        "4 Player Local": 17.1,
        "Looter Shooter": 10.899999999999999,
        "PvE": 10.600000000000001,
        "Utilities": 5.6,
        "Software": 5.4,
        "Anime": 28.200000000000003,
        "Design & Illustration": 8.9,
        "Animation & Modeling": 5.4,
        "NSFW": 5.4,
        "Memes": 13.570000000000002,
        "Cute": 21.9,
        "Photo Editing": 5.4,
        "Game Development": 5.5,
        "Gaming": 5.4,
        "Pixel Graphics": 52.800000000000004,
        "2D": 81.2,
        "Bullet Hell": 9.9,
        "Top-Down Shooter": 17.32,
        "Retro": 26.000000000000004,
        "Controller": 25.1,
        "Turn-Based Tactics": 4.7,
        "Turn-Based Strategy": 4.7,
        "Turn-Based": 13.8,
        "Isometric": 10.12,
        "Tactical RPG": 7.1,
        "Puzzle-Platformer": 17.3,
        "Puzzle": 53.900000000000006,
        "Platformer": 26.900000000000002,
        "RPGMaker": 41.5,
        "Exploration": 29.520000000000007,
        "Party Game": 3.6,
        "Minigames": 3.6,
        "Party": 3.6,
        "Family Friendly": 23.3,
        "Touch-Friendly": 3.6,
        "Colorful": 13.02,
        "Arcade": 42.0,
        "Stylized": 10.02,
        "Minimalist": 19.3,
        "Procedural Generation": 10.799999999999999,
        "Relaxing": 11.2,
        "Abstract": 11.6,
        "Top-Down": 37.120000000000005,
        "Replay Value": 16.1,
        "Surreal": 14.3,
        "Fantasy": 25.4,
        "3D Platformer": 11.02,
        "Short": 13.7,
        "Point & Click": 16.22,
        "Trading Card Game": 7.1,
        "JRPG": 17.7,
        "Shoot 'Em Up": 14.7,
        "Side Scroller": 18.299999999999997,
        "2.5D": 12.0,
        "Action-Adventure": 15.92,
        "Psychedelic": 2.8,
        "Steampunk": 2.8,
        "Tower Defense": 11.6,
        "Cartoony": 12.07,
        "Cartoon": 4.87,
        "Ninja": 5.2,
        "Collectathon": 7.2,
        "Martial Arts": 5.2,
        "Logic": 5.2,
        "Precision Platformer": 2.6,
        "Runner": 11.6,
        "Basketball": 2.6,
        "Parkour": 6.6,
        "Space": 13.0,
        "Sci-fi": 20.0,
        "Action Roguelike": 4.6,
        "Rogue-lite": 2.6,
        "Loot": 5.0,
        "Time Attack": 2.6,
        "Rogue-like": 9.5,
        "Twin Stick Shooter": 7.6,
        "Sequel": 2.6,
        "Multiple Endings": 7.1,
        "Metroidvania": 5.1,
        "Mythology": 2.6,
        "Linear": 2.6,
        "Experimental": 2.5,
        "3D Vision": 2.5,
        "Voxel": 2.5,
        "World War I": 2.5,
        "Artificial Intelligence": 2.5,
        "Dark Comedy": 2.5,
        "Resource Management": 4.6,
        "Building": 2.5,
        "Conversation": 2.5,
        "Management": 4.6,
        "Cyberpunk": 4.5,
        "Life Sim": 2.5,
        "Choices Matter": 6.9,
        "Arena Shooter": 6.7,
        "Nonlinear": 6.6,
        "Level Editor": 5.0,
        "Villain Protagonist": 2.5,
        "Tennis": 2.5,
        "Music": 8.6,
        "Rhythm": 6.6,
        "Music-Based Procedural Generation": 4.5,
        "Clicker": 7.0,
        "Perma Death": 2.5,
        "Addictive": 2.5,
        "Idler": 4.4,
        "Auto Battler": 4.4,
        "Automation": 2.4,
        "Visual Novel": 8.4,
        "Episodic": 10.6,
        "Action RPG": 6.82,
        "Sniper": 4.2,
        "Mouse only": 2.1,
        "Hunting": 2.1,
        "Time Manipulation": 4.2,
        "Sokoban": 2.1,
        "Hacking": 2.1,
        "Robots": 2.27,
        "Grid-Based Movement": 2.1,
        "Typing": 2.1,
        "Real Time Tactics": 2.0,
        "Archery": 2.0,
        "Card Battler": 2.0,
        "Card Game": 4.0,
        "Deckbuilding": 2.0,
        "Board Game": 4.0,
        "Cats": 2.0,
        "Dragons": 4.0,
        "Hand-drawn": 2.0,
        "Dating Sim": 2.0,
        "Dungeon Crawler": 2.0,
        "Beat 'em up": 2.0,
        "Driving": 4.0,
        "Werewolves": 2.0,