{
    "Genres": {
        "Action": 12690.649999999998,
        "Adventure": 1677.3000000000002,
        "Massively Multiplayer": 1652.5700000000002,
        "Free to Play": 1726.2500000000002,
        "Casual": 152.8,
        "Strategy": 99.19,
        "Utilities": 63.199999999999996,
        "RPG": 41.099999999999994,
        "Indie": 39.699999999999996,
        "Simulation": 40.37
    },
    "Tags": {
        "Action": 58767,
        "FPS": 43289,
        "Multiplayer": 75388,
        "Shooter": 46005,
        "Classic": 3179,
        "Team-Based": 24648,
        "First-Person": 28881,
        "Competitive": 21245,
        "Tactical": 19569,
        "1990's": 1268,
        "e-sports": 21943,
        "PvP": 33256,
        "Old School": 807,
        "Military": 9350,
        "Strategy": 29904,
        "Survival": 17899,
        "Score Attack": 315,
        "1980s": 276,
        "Assassin": 294,
        "Nostalgia": 180,
        "Battle Royale": 10698,
        "Third-Person Shooter": 10684,
        "Online Co-Op": 43703,
        "Co-op": 45839,
        "Early Access": 3333,
        "Third Person": 7493,
        "Difficult": 10074,
        "Simulation": 23469,
        "Stealth": 7376,
        "Open World": 5560,
        "RPG": 6127,
        "Character Customization": 4812,
        "Adventure": 5378,
        "Fantasy": 5250,
        "Action RPG": 4006,
        "Singleplayer": 19776,
        "Exploration": 11132,
        "Great Soundtrack": 5481,
        "Replay Value": 3497,
        "Atmospheric": 2174,
        "Hack and Slash": 882,
        "JRPG": 784,
        "Souls-like": 363,
        "MMORPG": 737,
        "Free to Play": 68051,
        "Board Game": 1328,
        "War": 9898,
        "Turn-Based Strategy": 2733,
        "Turn-Based": 1672,
        "Casual": 14927,
        "Tabletop": 343,
        "Turn-Based Tactics": 94,
        "Local Co-Op": 1658,
        "Indie": 13716,
        "Grand Strategy": 1369,
        "Local Multiplayer": 1881,
        "Psychological Horror": 300,
        "Massively Multiplayer": 4162,
        "Utilities": 285,
        "Software": 14,
        "Social Deduction": 1258,
        "Space": 1211,
        "2D": 1105,
        "Funny": 17681,
        "Psychological": 837,
        "Party Game": 802,
        "Cartoony": 736,
        "Sci-fi": 651,
        "Aliens": 646,
        "Minigames": 887,
        "Colorful": 644,
        "Top-Down": 644,
        "World War II": 4124,
        "Historical": 1722,
        "Story Rich": 676,
        "Controller": 24,
        "Zombies": 7,
        "Sexual Content": 189,
        "PvE": 3134,
        "Isometric": 140,
        "Class-Based": 113,
        "Violent": 130,
        "Gore": 117,
        "Comedy": 13655,
        "Beat 'em up": 54,
        "Blood": 48,
        "Cats": 35,
        "Motorbike": 35,
        "Combat": 4662,
        "3D": 2053,
        "Cult Classic": 28,
        "Anime": 680,
        "Character Action Game": 12,
        "Hero Shooter": 8839,
        "Realistic": 17230,
        "Destruction": 4822,
        "Puzzle": 2724,
        "Physics": 16236,
        "Family Friendly": 298,
        "Cartoon": 29,
        "Cute": 29,
        "Logic": 25,
        "Management": 856,
        "Relaxing": 22,
        "Clicker": 14,
        "Survival Horror": 1696,
        "Base-Building": 1506,
        "Crafting": 1287,
        "Horror": 1271,
        "Building": 15854,
        "Action-Adventure": 1175,
        "Sandbox": 21040,
        "Immersive Sim": 517,
        "Split Screen": 1219,
        "Co-op Campaign": 442,
        "Puzzle-Platformer": 2219,
        "3D Platformer": 715,
        "Platformer": 376,
        "Emotional": 333,
        "Female Protagonist": 236,
        "Heist": 7044,
        "Looter Shooter": 6233,
        "Crime": 5654,
        "Gun Customization": 3696,
        "Capitalism": 280,
        "Trading": 254,
        "Mature": 95,
        "Moddable": 14734,
        "MOBA": 19975,
        "RTS": 4044,
        "Tower Defense": 3712,
        "Card Game": 602,
        "Trading Card Game": 316,
        "Memes": 76,
        "Hunting": 309,
        "Nature": 154,
        "Dragons": 152,
        "Ninja": 106,
        "Vehicular Combat": 4935,
        "VR": 3851,
        "Flight": 3809,
        "Tanks": 3681,
        "Naval Combat": 3599,
        "Modern": 3538,
        "Cold War": 3528,
        "4X": 1113,
        "City Builder": 964,
        "Hex Grid": 377,
        "Parkour": 566,
        "Party": 41,
        "Retro": 33
    },
    "OwnedGames": [
        "Counter-Strike 2",
        "PUBG: BATTLEGROUNDS",
        "Monster Hunter: World",
        "RISK: Global Domination",
        "Easy eSports",
        "Among Us",
        "Call of Duty\u00ae",
        "Lost Ark",
        "Marvel Heroes Omega",
        "Tom Clancy's Rainbow Six Siege",
        "My Suika - Watermelon Game",
        "Sons Of The Forest",
        "It Takes Two",
        "PAYDAY 2",
        "Business Tour - Online Multiplayer Board Game",
        "ESEA",
        "Garry's Mod",
        "Dota 2",
        "Yu-Gi-Oh! Duel Links",
        "MONSTER HUNTER RISE",
        "War Thunder",
        "Sid Meier's Civilization VI",
        "Human Fall Flat",
        "Worms Armageddon"
    ]
}