{
    "Genres": {
        "Action": 12690.649999999998,
        "Adventure": 1677.3000000000002,
        "Massively Multiplayer": 1652.5700000000002,
        "Free to Play": 1726.2500000000002,
        "Casual": 152.8,
        "Strategy": 99.19,
        "Utilities": 63.199999999999996,
        "RPG": 41.099999999999994,
        "Indie": 39.699999999999996,
        "Simulation": 40.37
    },
    "Tags": {
        "Action": 12750.479999999998,
        "FPS": 12465.999999999998,
        "Multiplayer": 12858.209999999997,
        "Shooter": 12466.669999999998,
        "Classic": 10883.08,
        "Team-Based": 12413.029999999999,
        "First-Person": 12478.699999999999,
        "Competitive": 12412.079999999998,
        "Tactical": 12481.929999999998,
        "1990's": 10760.08,
        "e-sports": 10856.029999999999,
        "PvP": 12496.23,
        "Old School": 10759.8,
        "Military": 10844.369999999999,
        "Strategy": 12515.589999999998,
        "Survival": 12440.5,
        "Score Attack": 10778.199999999999,
        "1980s": 10759.8,
        "Assassin": 10792.3,
        "Nostalgia": 10759.8,
        "Battle Royale": 1612.4,
        "Third-Person Shooter": 1613.0700000000002,
        "Online Co-Op": 1889.04,
        "Co-op": 1934.79,
        "Early Access": 1625.1000000000001,
        "Third Person": 1778.8200000000002,
        "Difficult": 1777.93,
        "Simulation": 1717.4800000000002,
        "Stealth": 1620.2,
        "Open World": 178.0,
        "RPG": 170.03000000000003,
        "Character Customization": 168.48000000000002,
        "Adventure": 252.03000000000003,
        "Fantasy": 168.48000000000002,
        "Action RPG": 168.48000000000002,
        "Singleplayer": 372.01,
        "Exploration": 159.7,
        "Great Soundtrack": 174.98000000000002,
        "Replay Value": 134.43,
        "Atmospheric": 211.78,
        "Hack and Slash": 198.3,
        "JRPG": 133.25,
        "Souls-like": 132.5,
        "MMORPG": 167.35000000000002,
        "Free to Play": 171.74999999999997,
        "Board Game": 76.4,
        "War": 155.39999999999998,
        "Turn-Based Strategy": 71.11,
        "Turn-Based": 72.66,
        "Casual": 207.15000000000003,
        "Tabletop": 76.4,
        "Turn-Based Tactics": 70.2,
        "Local Co-Op": 83.18,
        "Indie": 97.19999999999999,
        "Grand Strategy": 70.83,
        "Local Multiplayer": 138.78000000000003,
        "Psychological Horror": 96.35,
        "Massively Multiplayer": 111.92,
        "Utilities": 63.199999999999996,
        "Software": 57.9,
        "Social Deduction": 55.6,
        "Space": 55.6,
        "2D": 74.28,
        "Funny": 72.27999999999999,
        "Psychological": 55.6,
        "Party Game": 55.6,
        "Cartoony": 55.6,
        "Sci-fi": 55.6,
        "Aliens": 55.6,
        "Minigames": 68.0,
        "Colorful": 55.6,
        "Top-Down": 55.6,
        "World War II": 53.47,
        "Historical": 53.43,
        "Story Rich": 65.95,
        "Controller": 52.8,
        "Zombies": 52.8,
        "Sexual Content": 65.8,
        "PvE": 41.849999999999994,
        "Isometric": 33.3,
        "Class-Based": 33.3,
        "Violent": 65.8,
        "Gore": 65.8,
        "Comedy": 41.38,
        "Beat 'em up": 32.5,
        "Blood": 32.5,
        "Cats": 32.5,
        "Motorbike": 32.5,
        "Combat": 33.17,
        "3D": 64.35,
        "Cult Classic": 32.5,
        "Anime": 34.8,
        "Character Action Game": 32.5,
        "Hero Shooter": 31.1,
        "Realistic": 33.870000000000005,
        "Destruction": 31.1,
        "Puzzle": 31.099999999999998,
        "Physics": 21.080000000000002,
        "Family Friendly": 24.599999999999998,
        "Cartoon": 18.4,
        "Cute": 18.4,
        "Logic": 18.4,
        "Management": 25.229999999999997,
        "Relaxing": 18.4,
        "Clicker": 18.4,
        "Survival Horror": 12.7,
        "Base-Building": 12.7,
        "Crafting": 12.7,
        "Horror": 12.7,
        "Building": 15.43,
        "Action-Adventure": 25.1,
        "Sandbox": 15.1,
        "Immersive Sim": 12.7,
        "Split Screen": 12.700000000000001,
        "Co-op Campaign": 12.4,
        "Puzzle-Platformer": 12.700000000000001,
        "3D Platformer": 12.700000000000001,
        "Platformer": 12.68,
        "Emotional": 12.4,
        "Female Protagonist": 12.4,
        "Heist": 7.8,
        "Looter Shooter": 7.8,
        "Crime": 7.8,
        "Gun Customization": 7.8,
        "Capitalism": 6.2,
        "Trading": 6.2,
        "Mature": 5.3,
        "Moddable": 2.73,
        "MOBA": 1.93,
        "RTS": 1.93,
        "Tower Defense": 1.93,
        "Card Game": 1.55,
        "Trading Card Game": 1.55,
        "Memes": 1.55,
        "Hunting": 0.75,
        "Nature": 0.75,
        "Dragons": 0.75,
        "Ninja": 0.75,
        "Vehicular Combat": 0.67,
        "VR": 0.67,
        "Flight": 0.67,
        "Tanks": 0.67,
        "Naval Combat": 0.67,
        "Modern": 0.67,
        "Cold War": 0.67,
        "4X": 0.63,
        "City Builder": 0.63,
        "Hex Grid": 0.63,
        "Parkour": 0.3,
        "Party": 0.28,
        "Retro": 0.28
    },
    "OwnedGames": [
        [
            "Counter-Strike 2",
            10759.8
        ],
        [
            "PUBG: BATTLEGROUNDS",
            1612.4
        ],
        [
            "Monster Hunter: World",
            132.5
        ],
        [
            "RISK: Global Domination",
            70.2
        ],
        [
            "Easy eSports",
            57.9
        ],
        [
            "Among Us",
            55.6
        ],
        [
            "Call of Duty\u00ae",
            52.8
        ],
        [
            "Lost Ark",
            33.3
        ],
        [
            "Marvel Heroes Omega",
            32.5
        ],
        [
            "Tom Clancy's Rainbow Six Siege",
            31.1
        ],
        [
            "My Suika - Watermelon Game",
            18.4
        ],
        [
            "Sons Of The Forest",
            12.7
        ],
        [
            "It Takes Two",
            12.4
        ],
        [
            "PAYDAY 2",
            7.8
        ],
        [
            "Business Tour - Online Multiplayer Board Game",
            6.2
        ],
        [
            "ESEA",
            5.3
        ],
        [
            "Garry's Mod",
            2.1
        ],
        [
            "Dota 2",
            1.93
        ],
        [
            "Yu-Gi-Oh! Duel Links",
            1.55
        ],
        [
            "MONSTER HUNTER RISE",
            0.75
        ],
        [
            "War Thunder",
            0.67
        ],
        [
            "Sid Meier's Civilization VI",
            0.63
        ],
        [
            "Human Fall Flat",
            0.3
        ],
        [
            "Worms Armageddon",
            0.28
        ]
    ]
}